,Time,Class,AT1G03960,AT1G06510,AT1G09270,AT1G13030,AT1G14340,AT1G14920,AT1G15750,AT1G17970,AT1G18400,AT1G22920,AT1G24050,AT1G25490,AT1G27300,AT1G29990,AT1G30860,AT1G32230,AT1G45145,AT1G50420,AT1G54060,AT1G63860,AT1G67170,AT1G69370,AT1G69690,AT1G76850,AT1G79430,AT2G04740,AT2G04800,AT2G21380,AT2G22480,AT2G23290,AT2G23420,AT2G25650,AT2G27480,AT2G28890,AT2G31260,AT2G34710,AT2G34970,AT2G35500,AT2G35940,AT2G38750,AT2G39760,AT2G41350,AT2G44010,AT2G44950,AT2G45660,AT2G46420,AT2G47060,AT3G01500,AT3G02150,AT3G06720,AT3G07780,AT3G08530,AT3G09630,AT3G09980,AT3G10250,AT3G11590,AT3G11720,AT3G13720,AT3G16310,AT3G17410,AT3G17860,AT3G19700,AT3G21490,AT3G25070,AT3G25710,AT3G27960,AT3G44720,AT3G46940,AT3G47620,AT3G48150,AT3G48550,AT3G49160,AT3G49570,AT3G49580,AT3G50910,AT3G51960,AT3G53350,AT3G53410,AT3G54170,AT3G54390,AT3G54850,AT3G56270,AT3G57720,AT3G60600,AT3G61200,AT3G61790,AT3G63210,AT4G00710,AT4G00980,AT4G01090,AT4G01920,AT4G02150,AT4G02550,AT4G02590,AT4G04020,AT4G08150,AT4G09420,AT4G11070,AT4G11890,AT4G15140,AT4G15545,AT4G16143,AT4G16380,AT4G17220,AT4G17680,AT4G17710,AT4G19030,AT4G19700,AT4G24840,AT4G25200,AT4G25920,AT4G26110,AT4G26450,AT4G28640,AT4G32190,AT4G32570,AT4G34120,AT4G34710,AT4G35580,AT4G36540,AT4G36970,AT4G38800,AT4G39050,AT5G02050,AT5G02150,AT5G06780,AT5G08330,AT5G11980,AT5G12230,AT5G13810,AT5G14390,AT5G16940,AT5G19480,AT5G19990,AT5G20000,AT5G20030,AT5G22290,AT5G22310,AT5G22355,AT5G22630,AT5G24660,AT5G25070,AT5G27860,AT5G42980,AT5G43700,AT5G49000,AT5G50010,AT5G51110,AT5G51910,AT5G55100,AT5G56250,AT5G56290,AT5G56950,AT5G57210,AT5G58720,AT5G59670,AT5G60120,AT5G61390,AT5G65210,AT5G66200,AT5G66480,AT5G66560
Mock 2,2,1,7.353811864,9.247180793,9.418885704,8.803823306,11.32400589,12.1230574,8.484279876,8.345774069,7.334728318,12.3278275,11.695859,10.69950245,11.4714386,10.73713034,9.416307302,12.30859522,13.5714331,13.22994358,9.132449187,7.161494301,10.72326482,9.751148325,11.83000023,11.10528757,10.16550748,11.37246003,7.133461559,9.487813105,9.958189923,10.09105404,11.10397105,9.562080997,8.39573059,10.17628595,8.056641642,8.244145821,8.094128611,10.19321263,12.15394403,13.2175833,10.4350728,8.201287124,7.389461228,8.736409109,10.78102455,11.82792511,11.51042123,10.87758646,9.703131236,4.42669324,8.065610905,7.364701011,11.86179516,11.98675159,8.981202691,11.13904381,7.905892832,13.37886409,11.72545376,13.18129852,10.07783552,7.614879062,9.084535283,5.538507394,9.678399257,7.94809537,9.208377034,6.870123333,12.32449413,8.48267017,8.542570701,7.563061368,9.824164865,12.44398771,10.16027159,9.098103081,7.703707635,9.264920385,8.296599036,8.950691156,10.39556602,7.142544163,7.533970532,11.17782602,13.8596486,9.584866146,10.45316704,11.48028744,8.326706723,8.408307911,8.459370161,10.197951,9.415482974,10.87671102,14.03134979,6.908668047,8.268794497,8.010812582,11.43763589,8.532812611,12.39862656,12.75044438,11.42691329,7.981561079,10.02595171,8.136974873,5.759801755,9.44669255,10.0237678,7.794187257,8.084390448,10.66523769,11.91578601,12.69077807,9.990344605,10.81653412,14.93798968,14.47466751,9.81177516,8.481183968,9.639248127,12.88473216,8.642741916,9.213517952,9.617164453,7.041412472,12.60760191,11.00814959,7.340620132,10.15545069,9.77673826,9.349846738,8.13534874,12.43657628,11.95517585,8.741057022,6.528782009,7.345623209,6.872355294,8.47269209,13.65263932,9.62029254,11.74830668,15.16187084,11.29766153,8.117630502,8.127753589,13.31110472,10.22530663,7.796770977,10.80020874,9.272073675,10.46605741,9.012138881,10.66606616,9.272049083,9.723569745,8.912510474,9.413145083,10.26564263,7.19949925,8.449515644
Mock 4,4,1,7.07306993,9.252039519,9.350329611,8.074737613,12.05515221,11.94964975,8.74956185,8.389426301,6.915664997,11.83916688,11.50259541,10.23429098,11.11824459,11.08110059,8.769924702,12.18637643,13.06145137,13.14277094,9.121921573,7.005881005,10.44484887,10.03334321,11.29596523,11.17001228,10.5643465,11.08795359,6.545257083,9.534084934,10.26768503,9.937178732,11.43239307,9.787037371,8.755197567,10.18050608,7.774824904,8.628312827,7.98630977,11.06666363,12.08038019,12.96028748,10.77388117,8.502417378,7.568988977,9.305648229,10.72485328,12.11368312,11.58415543,11.54467116,9.406485002,4.570668734,8.078903637,7.211457416,12.04789909,12.23947996,9.103650515,11.37263538,7.816189479,13.39856617,11.19116829,13.06033823,9.391640078,7.795961032,9.151615576,6.065873006,9.820172982,7.786722926,8.739691848,6.478220134,12.03807715,8.481022467,8.561424478,5.691197572,9.818738991,12.57419688,9.883557616,8.899239595,8.009973971,9.853747915,8.359384843,9.518228916,10.24896416,6.815058775,7.944687954,11.15753316,13.93676146,9.51362008,10.63865687,11.21797604,8.521164352,8.083006122,9.030705999,10.18840321,9.099608193,11.14098727,13.69653192,7.069325263,8.015096518,7.864024227,10.6586402,8.67901991,13.41532333,12.66299946,11.15719852,7.976773649,9.88127093,7.645044839,6.063473533,9.352202388,9.199981703,7.984810099,8.131896586,10.88773235,11.87541392,13.05474144,9.793081967,11.08514275,14.10061919,13.62709744,9.689615702,8.680327764,9.700970859,13.1300978,9.000648854,9.191618587,9.768555787,7.462168773,11.91056257,10.66252563,7.627505304,10.03466112,9.737256844,9.744220869,8.381835299,12.54535277,11.50218951,9.028437422,7.510688057,7.390148731,7.188260731,8.364401166,13.51002723,9.825379926,11.73420388,15.57441402,11.35214113,7.932055872,7.873196517,13.85928295,10.16798942,7.620751686,10.27411747,9.039812723,10.34923877,8.784644919,10.86064036,9.37550505,9.233741894,8.849524762,9.392263033,9.683241773,7.486218762,8.693045521
Mock 6,6,1,7.284732871,9.424265938,9.373064081,8.126337084,12.27532254,12.45188012,8.994505331,8.426505975,6.818603088,11.97883276,11.85296845,10.98151818,10.65527271,10.61673356,9.164111198,12.26335955,13.15573187,13.19016157,9.415009632,7.612078595,10.47061761,9.432077566,11.4865554,10.93240533,10.46101709,11.18938781,7.365451066,9.444684206,9.156817813,10.10811766,11.31107779,9.713317897,8.318260756,10.14135672,8.128409007,8.496754556,8.293223284,11.14717161,11.89535766,12.52998036,10.726355,8.363843567,7.001743151,8.715391053,10.23396432,12.41561953,11.55890743,12.16469389,9.356239898,4.341948067,8.406801688,7.089895939,12.21996312,11.89818594,9.214296969,11.1449047,8.075361616,13.60953631,11.02283564,13.01826653,9.715765246,7.521804864,8.984092762,5.255896369,10.0608031,7.497047109,9.020801429,6.787945393,12.34262392,8.608323035,8.393827119,6.699755743,9.889016282,12.78090193,10.5658339,8.748977215,7.437453791,9.717378443,8.182217356,9.252751539,10.04789486,7.527211069,7.158217888,11.27158449,13.8905414,9.665503067,10.83784845,11.18249005,8.136210355,8.325401208,8.807803255,9.680544091,9.193955702,11.34815841,13.15609438,6.541791894,8.095528666,8.017296867,10.32089926,8.911303061,13.20045654,12.52422642,11.25020289,7.929928226,10.28602031,8.214936821,5.962513519,9.749251402,9.817440977,7.478224657,8.044037842,10.79573574,11.77252308,13.04031933,9.826927149,11.12054974,14.15997859,13.90799646,9.658037037,8.412492768,9.358445227,13.08575504,8.720932538,9.378421787,9.684471708,7.110503096,11.76411276,10.46266797,6.906274006,10.64465644,9.841904707,9.723789323,8.210251877,12.25369816,11.33169945,9.00835919,6.23145603,7.049720565,7.353724549,8.587608559,13.45744747,9.670988156,11.66020822,15.37585969,11.14855005,7.268996158,7.859539755,14.10823384,10.11150959,7.59642919,10.3035857,9.443483038,10.48593545,9.090819855,10.77108133,9.44386056,9.353670282,8.802422739,9.255653933,10.07398505,7.085742661,8.335114404
Mock 8,8,1,7.025282833,9.49101861,9.339748597,8.153707441,12.58840339,12.56411842,9.102551568,8.394199313,6.824427385,12.10243507,12.03918225,11.26658752,10.60689914,10.81491923,8.981945792,12.14428735,12.93944894,13.08204601,9.451246431,7.473341878,10.44693898,9.547594595,11.27854756,10.89318701,10.27412923,10.87451921,6.983426508,9.597376221,10.06312032,10.17946475,11.65142532,9.502686081,8.51630786,9.957177087,7.781263465,8.360043035,8.209911941,11.56295883,11.64292074,12.52019407,10.36946204,8.481933097,7.027854959,8.174805078,10.40947247,12.55742031,11.68395637,12.17006152,9.307783875,6.223017636,7.78966356,7.118669176,12.30207225,11.92925859,9.614703061,11.07211717,7.879034653,13.48980563,10.83499435,13.23360442,9.946863407,7.505984564,9.218818406,5.061971684,10.10263267,7.479757367,9.060554573,6.514065649,12.51480671,8.264825955,8.204242197,6.054324642,9.645427678,12.49072076,10.64290316,8.045083097,7.042401774,9.596744123,8.221006204,9.476924509,10.0008455,7.24606094,7.424792809,11.09035409,14.12126066,9.915419138,10.76932799,11.35943512,7.977278983,8.484221973,8.787225609,9.932658077,9.146320582,11.322446,13.07431514,6.618977864,7.466068796,7.972211083,10.06821756,8.158298414,13.10058694,12.65245422,11.20028217,7.61310022,10.25728872,8.12845956,4.451688976,9.68784772,10.16310143,7.576735481,8.043990161,10.60326927,11.82855807,13.11204402,9.770592166,11.41671953,14.21927164,13.88066449,9.683358162,8.363019732,9.723555141,13.30411585,8.64881558,9.19597816,9.790188336,7.270306027,11.91635326,10.62466326,7.294264211,10.70257153,10.07667433,9.9676819,7.749030495,12.12746738,11.21998982,9.035214205,6.208212128,7.32532573,7.10012836,8.452718625,13.80240156,9.397751113,11.28759047,15.25936712,11.6408964,7.987873206,7.14816224,14.34652829,10.07477508,7.643166019,10.38004367,9.637640287,10.0815285,8.866497401,10.52298383,9.140584717,9.279596009,8.679943032,9.099194165,10.04037522,7.053064463,8.15600934
Mock 10,10,1,7.237310422,9.462487409,9.364998187,8.16087842,12.2660535,12.34274562,8.882189105,8.137920044,6.960827773,11.99552735,11.91135524,11.00520981,11.069269,10.78510494,9.059559019,12.43469297,13.95423061,12.62169432,9.269870052,7.459212446,10.34001805,9.466834373,11.14181913,11.12499539,10.27963396,11.04836329,6.844104985,9.195617901,9.929392097,10.24364258,11.70230435,9.840844954,8.489634875,10.21368872,8.202409511,8.228214289,8.103032213,10.68405598,12.0015033,12.53882402,10.80324122,8.278044453,7.205374141,8.716484946,10.85864042,12.30439848,12.02204431,12.02840357,9.699553223,5.597455352,8.533257212,7.279577115,11.88526193,11.97560437,9.368716679,10.94285933,8.141783124,13.56277609,10.90883468,13.29480995,9.784093065,7.536675706,9.076113748,5.406450182,10.01255523,7.730776939,9.413906843,5.879338886,12.53765235,8.462242689,8.28324765,6.006769303,9.863043782,12.68480634,10.82014876,8.697406457,7.519726618,9.520508719,8.484837794,9.760563613,10.13035797,7.41783338,7.512281945,11.39125921,13.94967396,9.75231802,10.64190343,11.26009584,8.636067054,8.03116009,8.646931661,9.777485679,9.335162521,11.25812035,13.44859685,6.87192418,7.687589917,7.873194336,11.10007648,8.593213854,12.72888337,12.47106117,10.98313925,7.746710281,9.889785622,7.935999641,6.291480531,9.191535623,9.841789717,7.435817643,7.592841028,10.5448639,11.82730583,12.96740832,10.09667586,10.56220859,14.22649254,14.56045634,10.1710177,8.430209852,9.770422774,13.19774858,8.538968802,8.885435204,9.67842755,7.189335185,11.57854383,10.54700815,7.293229211,10.96092225,10.23125028,9.722253637,8.232258674,12.35065995,11.57049665,8.821464623,7.332233451,6.943924443,7.300536605,8.756136965,13.2019931,9.578431547,11.9106263,14.91493096,10.99973529,8.124055567,7.88863908,14.05454751,10.07240734,7.633254191,9.692883305,9.53668511,10.33895772,8.788813655,11.20357328,9.256389953,9.455497233,8.680431109,9.258792371,9.983302964,7.589464848,8.425873064
Mock 12,12,1,6.97924382,9.736731401,9.174341339,8.242498916,12.48651797,12.22041951,9.040756852,8.39262993,7.381065957,12.16511153,11.81974831,10.53753656,11.33861172,10.91259233,9.0110199,12.08640538,12.99698739,12.21573561,8.866693595,7.231040807,10.60721939,9.357193579,10.86354882,11.17980805,10.79913158,11.0177016,6.70207123,9.222868946,10.18308995,10.58959808,11.41713276,9.576579184,8.563758376,9.624617687,7.784493051,8.826019911,7.71617159,11.00231206,11.53057313,11.29586443,11.02028233,8.307437704,7.519810165,8.844558213,10.68635834,12.4154405,11.51206646,11.95656606,9.640877723,4.871067244,8.322363732,7.15776519,12.16178422,12.06568835,9.372263589,10.93274047,8.033074743,13.58487317,11.56691627,13.55842822,9.117042359,7.689015077,9.201764646,4.136269053,10.19570247,7.465898853,9.044467547,6.472922779,12.68151418,8.687335999,8.355576984,6.358683901,9.222179082,11.43282832,9.635300379,8.312974881,7.6607282,9.859746928,7.704111255,9.610120833,10.12411639,6.766533269,7.1976059,11.54278762,13.94676967,9.5685079,10.69093267,11.09119949,8.741482135,7.947396597,8.788183872,9.978284585,9.20695576,11.31500262,12.53979018,7.021950039,7.954198844,8.196078996,9.996264427,8.818607953,13.16956498,12.51153504,11.22156438,7.816174168,9.810068784,8.064955401,4.930245201,9.406249075,9.155854183,7.612871624,7.861945065,10.72128519,11.76205903,13.24513181,9.950108561,11.12972371,13.84630041,13.21218409,9.468121094,9.358973192,9.424170965,13.50007979,8.334471422,8.925449306,10.05038785,6.710618841,12.64028723,10.71340647,7.337149382,10.09802611,10.69817544,9.862054094,8.309666692,12.46039011,11.30818473,9.137212928,7.003904215,7.241978525,7.39173084,8.258802641,12.30962953,9.70031943,12.20196082,15.33154745,11.69123695,8.244519915,7.980648678,13.87283358,10.37576119,8.002862255,10.19851391,9.067777197,10.28754704,8.768291878,11.28773702,9.305363059,8.820611579,8.35018318,9.255902254,10.06703272,7.349750323,8.731998807
Mock 14,14,1,6.792289472,9.410475543,9.211687675,7.720920418,12.67769267,12.48171898,8.422873746,7.87212016,6.696363514,12.33362725,12.01355631,10.41524603,11.07933748,10.67234834,8.620945828,11.89437616,12.61491389,12.37010387,9.117326072,7.325567817,10.43547052,9.226146873,11.03590932,10.96734361,11.0447689,11.03006162,6.924424417,8.897173621,9.954978223,10.47631063,11.26847168,9.524342974,8.547568243,9.772515787,8.012917576,8.976940173,7.794810252,11.20543304,11.33121429,11.5037537,10.81901375,7.866584135,7.458139313,8.966046662,10.3236987,12.59936373,11.75057003,11.35529194,9.549170226,5.134239231,7.625911708,7.4304733,12.09150699,11.74977684,9.447667637,10.89968029,7.86834277,13.49678679,11.5917294,13.43908011,9.333849209,7.518793953,9.151411183,5.846485288,10.29676467,7.176463986,8.857900029,6.562651028,12.66674068,8.913429992,8.421922848,6.709220973,9.573666908,12.16152344,9.801190597,8.701790336,8.190080179,10.03895677,7.665986185,9.560649613,10.08190551,6.978970043,7.452555417,11.42152578,13.79989736,9.84197341,10.41893292,11.10371297,8.551655974,7.591457323,8.962087885,10.0564512,8.941523702,11.29228831,11.94546379,6.50856244,8.093949175,7.747734105,9.749551711,8.717022869,12.98172996,12.5369015,11.04261189,8.222694665,10.27267271,8.266626913,6.49972281,9.262337376,9.450271289,7.283685222,7.93991221,10.78437076,11.57801882,13.10044384,9.917474048,11.2949458,13.60423818,12.98496381,9.41525325,9.173221179,8.969952788,13.87473718,8.572096797,8.969382716,10.0264811,7.272588361,12.99029651,10.61551061,7.101457879,10.15737172,10.47747866,9.733165209,8.144223612,12.23539417,11.00003463,9.019034963,7.117863509,7.033242944,6.679195114,8.19431146,13.24449425,9.666914001,12.18343584,15.17692087,11.51351362,8.388367999,8.035418914,14.06421823,10.45880024,7.679740735,10.14550181,9.281743588,10.24290641,8.204785026,11.11425202,9.102121872,9.002519374,8.560700183,9.428055136,9.805211152,7.50171114,8.494486144
Mock 16,16,1,6.798467202,9.322257343,9.394315987,7.867034086,12.81209844,12.94205124,9.540754284,8.234984365,7.188643378,12.28738878,12.09867132,10.9072636,11.34305516,10.76675484,8.947253535,11.97726359,12.76562848,12.56715476,9.347439032,7.237192022,10.31726587,9.285685269,11.36177207,11.03267239,10.27683317,10.90553163,7.060328196,9.085843933,10.00263369,10.4203512,11.39336241,9.578572913,8.608137744,9.639924863,8.212570824,8.694978084,7.709740884,11.09992244,11.63069263,11.49314098,10.70569934,8.146064471,6.58387761,8.717235249,10.26008581,12.56534661,12.22813257,11.55453591,9.673184872,5.275021611,7.908179725,6.816189441,11.84109114,12.01697351,9.859525359,10.66058529,7.277249308,13.78598281,11.50796475,13.49778751,9.59220492,7.537708637,9.103804768,5.640154344,10.15167771,7.48011346,9.721977494,6.333267704,12.9869426,8.682478063,8.466136084,7.161328849,9.612494751,12.3519943,9.783645501,8.465750081,8.04409665,9.670862452,7.939985082,9.590541527,10.35932436,7.519274428,7.362059364,11.45808375,14.28045101,9.858751806,10.61870279,10.97100661,8.383542246,8.191678608,8.89819871,9.689785447,8.844100408,11.20728353,11.67494819,6.462525701,8.164997999,7.959775264,9.781444312,8.689471457,12.86288401,12.50778014,10.95381274,7.857064115,10.21754142,8.209601423,5.559809932,9.81370387,9.679654816,7.151202838,7.462260953,10.52499574,11.67507913,13.1269362,9.978424333,11.28182991,13.47745929,12.70135233,9.815678424,9.572441394,9.078422728,13.9586118,8.385111226,8.867333626,10.03132181,6.840544584,13.15857017,10.64342614,7.494480953,10.48848657,10.68287465,9.7445332,8.305043295,12.10979674,11.01752709,8.758820087,6.961672778,7.639050865,7.090584003,8.522313911,13.0472752,9.468602509,11.94432578,15.32592024,11.49090679,8.290888259,8.147774204,14.49982349,10.5366738,7.678470471,10.10775009,9.591291232,10.00315589,8.622464352,11.10096129,9.393477484,9.026962881,8.916070626,9.290191222,10.13563797,7.549067415,8.668162099
Mock 18,18,1,7.394536898,9.23470103,9.332903103,8.176241339,12.70965326,13.33093306,9.555098291,8.524256193,7.264581716,12.20495856,11.92704723,10.78455408,11.57893898,10.56772515,9.048990524,12.25949236,12.6277062,12.56520996,9.044865134,7.581193503,10.30952498,8.96863466,11.25434385,11.07890186,10.56790163,10.87571893,6.773023014,9.119250972,9.637117541,10.46184838,11.02527437,9.78274858,8.597991514,9.547519079,8.237931869,8.676468625,8.14899467,10.84635256,11.66080213,11.04263138,10.56530462,8.254186917,7.081462732,8.642108097,10.27733646,12.34949225,12.47152282,10.9857998,9.774138936,4.956437402,8.23740057,7.265238468,11.74385159,12.04288039,9.787012071,10.90884105,7.781270458,13.7623576,11.54393138,13.50137314,9.661050058,7.610332497,9.209556961,5.597222973,9.875360772,7.09351909,9.172406957,6.21413232,12.72645433,8.43984632,8.29005279,6.791760773,9.599577808,12.45121693,9.580859841,8.946611242,7.78750721,9.848206154,7.828783025,9.48275123,10.15976671,5.934104279,7.45459271,11.58791897,14.22846239,10.14454763,10.78376889,11.13344956,8.411318993,8.194817516,8.761927071,9.83526194,8.703824084,11.19551752,11.12370325,6.203840728,8.136022576,8.158414065,9.73004768,8.716628052,12.99891402,12.53291977,10.81693886,7.96005593,10.17692313,8.076042711,6.13192474,9.55193823,9.787550958,7.58230045,7.855864514,10.8938663,11.83558948,12.98173999,10.06172125,11.19687443,13.50805557,12.35043572,9.793517798,9.745392432,9.345632009,14.16298932,8.423205267,8.749167707,9.851466349,7.40413535,13.39427035,10.42752324,7.595832894,10.44666199,10.66606337,9.456083635,8.20806546,12.15223132,10.79961951,8.868027847,7.622999686,6.920410353,6.657192458,8.315064659,12.93997732,9.630576533,11.87422687,15.1602322,11.18450917,8.321744114,8.304282462,14.09701796,10.62375747,8.0689,10.28478504,9.639992834,9.706844869,8.833406821,11.23746511,9.101332714,9.160286083,8.584741117,9.325481668,9.915322503,7.282593472,8.314504822
Mock 20,20,1,7.147604182,9.468907824,9.590781502,8.096496933,11.98727507,12.29578709,9.067739664,8.298454398,7.243160749,12.153664,10.77273455,10.53430649,10.2720105,10.87562904,8.637895879,11.78930495,12.59459761,12.41729698,9.14759813,7.367472033,10.47248483,9.883434916,11.10889409,11.22177225,10.59962778,10.87783281,7.242931455,9.905848947,10.37809692,10.1671344,12.05348742,9.516892243,8.562553533,10.37905824,8.494504912,8.865383113,8.684957972,10.66819489,11.894162,11.96812192,11.21503075,8.609344413,7.320818164,9.016766619,11.0530457,12.94877521,12.39347145,11.37244472,9.63948483,5.915490446,8.141592109,7.593576964,11.74451031,12.35622762,9.568997211,10.75452299,8.046021316,13.56373093,10.86558634,13.34818157,9.54041168,7.599424104,9.42892302,5.284347409,10.63338525,6.956617912,8.895453472,5.95893111,12.01984013,8.625231791,8.44312717,6.062586611,9.253288557,12.47650016,9.34488455,8.620048937,8.08816932,9.77416088,8.199139757,10.18662139,10.4739819,7.319602658,7.260000271,11.5087932,13.80437274,9.51181114,10.25775874,11.38365948,8.670341512,8.536613854,9.394631766,10.50941408,8.250127205,11.08863078,13.73974136,6.569883912,8.160646383,7.991158554,9.763454131,8.546667736,13.80052884,12.56632353,11.10743864,7.820733147,10.12796994,8.205991292,6.702696123,9.308386296,9.536618121,7.709687943,8.001945501,10.92150775,11.67436764,13.49494376,9.803243813,10.7384465,13.66592075,12.92022756,9.614678358,8.701164919,8.542579997,13.30717149,8.462169781,8.621548984,9.471167151,6.982166331,12.67278346,11.13538102,7.147999797,10.33936396,10.24580501,10.06532293,8.416465207,12.55659246,11.02489153,8.698692777,7.541186386,7.493689565,6.739509821,8.182371841,13.19632237,9.585336718,11.25073668,15.5983346,11.53846171,8.368513577,8.004158279,13.59218839,10.23261136,7.891207277,10.90638534,9.27420948,10.13719754,8.299123355,11.27074363,9.10170731,8.823006729,8.951311741,9.716808594,9.777621919,7.52291577,9.299010234
Mock 22,22,1,6.768001711,10.35182288,9.211086917,8.006775441,12.55755861,12.44723349,8.700511888,9.060698579,7.313023545,12.23270758,12.04078607,11.01265571,10.89705515,10.76852395,8.739864757,12.18679302,13.16812903,12.04384148,9.458286487,7.312564787,10.13856047,9.600428572,11.21475257,10.94004671,10.52612125,11.19196506,6.895740737,9.441669517,10.24118001,10.33170757,10.81320277,9.475988731,8.722745678,10.03634906,8.171568691,8.59880097,8.115744199,10.88929156,11.21791103,11.59093862,10.71413104,8.304265999,7.107285557,8.440313391,11.20486751,12.40382893,12.05901606,10.58588989,9.476025905,4.91988767,8.125840415,7.319903996,12.01175572,11.94142024,9.734535669,10.53921078,7.903441315,13.59373876,10.9950523,13.46809817,9.64249579,7.752500345,9.299286196,5.20483132,9.23353152,7.357518859,9.259201343,6.764153831,12.94750309,8.536109661,8.445642627,6.723498827,9.946405429,13.11535253,9.339392996,8.740888894,7.591544778,9.918563784,7.906612761,9.259656633,10.05792333,6.80555684,7.755471115,11.37678201,14.12425913,9.845699758,11.53821119,11.15935673,8.491007528,8.179543433,8.854367373,10.07548423,8.964996435,11.07206814,13.27553881,7.024016546,7.655509638,7.899822266,9.76178534,8.591836229,12.94190874,12.8001365,11.05914031,7.744650371,10.16926465,7.931830872,6.350408817,9.465920412,9.717439575,7.499008758,7.633510848,10.40683411,11.50561795,13.18064223,8.946691053,11.40548142,14.25540769,13.54345814,9.591835827,8.306750804,9.103760847,13.55011592,8.113949248,9.087788431,9.929244485,6.017426556,13.3327277,10.62919237,6.994801601,10.7943313,9.873952487,10.0612045,8.018866389,12.24781884,11.05189854,8.672803197,7.188896719,7.128145118,6.948891029,8.393958176,12.95129579,9.409763204,12.16604031,15.39339427,10.66008457,8.143503017,8.189536819,13.9444437,10.362085,7.605044786,10.18832306,9.427311201,9.689803607,8.374663269,11.15013367,9.140027839,9.26321295,8.743202147,9.474354959,10.04737857,7.086044495,8.615972921
Mock 24,24,1,7.319942151,9.251990584,9.34486403,7.963414954,12.23775317,12.73837293,8.616873796,8.686259425,7.113442482,12.61089338,11.90923763,10.90954124,10.29522187,10.57129661,9.661591527,12.4804776,12.80844554,12.37406618,9.365846634,7.404233092,10.46558542,9.648442251,11.13099479,11.17332654,10.86614645,11.07513454,6.384970274,9.592320233,10.56144555,10.40882282,11.07609339,9.646024609,8.453178472,10.10681875,8.255579275,8.839486034,8.041784056,10.93196326,11.23618114,11.19402758,10.70679938,8.342159755,7.192782624,9.009193375,10.68977611,12.59766767,12.25989109,10.44930208,9.412860155,4.958516846,8.039018246,7.612527572,11.91116269,11.69641021,9.397334408,10.62413762,7.803012133,13.5152942,11.0737805,13.46752332,9.364948359,7.711537873,9.342378017,5.608002135,9.772263575,7.364645509,9.168193122,6.946916551,12.7077226,8.352188021,8.637384951,7.354162295,9.968370763,12.56060027,9.695815259,9.154700194,7.560969187,9.637006126,7.636086885,9.426017305,10.16175306,6.507297364,7.514907935,11.40159964,14.12261957,9.790956241,10.89142974,11.47421285,8.494846581,8.245775333,8.870665102,10.33990892,9.283060416,10.90131392,12.55501632,6.903565729,7.736740175,8.26659901,9.728309107,8.605593833,12.49893657,13.01840117,11.18612241,7.900284159,10.03639526,8.254887416,6.05430401,9.340421952,10.14811833,7.619654954,7.87624006,10.22192727,11.80369458,13.00907508,9.021335599,11.59275021,14.42187427,13.41091163,9.513853967,7.711155002,9.00937746,13.33317182,8.435389702,8.776725072,9.840843542,6.130479136,13.26575231,10.80698083,7.104874648,10.28424775,9.93509354,9.643501898,7.830989942,12.50382546,11.4196218,8.985378894,6.999757148,6.833643666,7.120596812,8.455198636,12.77669132,9.549459614,12.71027537,15.07603808,10.85433338,8.455883452,8.750247887,13.7196532,9.955469192,7.539145449,10.03129548,9.275605099,10.21591613,8.775566021,11.29779903,9.343089029,9.908680263,8.885003471,9.563361994,9.849611079,7.510655477,8.750858841
Mock 26,26,1,7.195129644,9.125794501,9.104092534,8.51857332,12.0730303,12.71393364,8.520711953,8.433026333,6.651959094,12.43356567,11.59895582,10.94642264,10.58241659,10.79988728,9.524216521,12.13512645,12.88418619,12.2313512,9.008262975,7.689147355,10.43064686,9.46827171,11.08592973,10.97550853,9.970942369,11.09013998,7.018572316,9.488217052,10.62397861,10.58151726,11.08126217,9.418032802,8.751481216,10.21545174,7.731685716,8.384204501,8.277645776,10.86802443,11.67863514,10.91244323,10.6493936,8.432711496,7.491894404,9.121691631,10.50295185,12.41609253,11.64877666,10.26039,9.215013683,5.661769133,8.092333621,7.511618373,11.88060104,11.9367601,9.735072389,10.73688664,7.803065151,13.847636,11.3962626,13.71629667,8.946476987,7.470451328,9.039618461,4.68743265,9.609246465,7.735897975,9.922657921,6.08054933,12.26249572,8.400313543,8.666118198,6.279688188,9.917065016,12.40268093,9.644115162,8.514143606,7.673096431,9.567615104,8.158125625,9.265940319,10.33163091,7.375695375,7.176780987,11.49307093,14.57978654,9.830717776,11.17968129,10.94344232,8.558128961,8.056470277,9.085226897,10.43433292,9.43842388,10.83289787,12.9480049,7.030401088,7.875420632,7.895102969,10.52094715,8.928560857,12.6494847,12.41455168,11.36308662,7.967912887,9.653238072,8.002402972,5.513880669,9.609274896,9.962128357,7.896344866,7.883327408,10.10597302,11.98503744,13.10867667,8.786646565,11.25748208,14.60122284,13.37922057,9.896617876,8.144253623,9.425576298,13.43564661,8.505358846,8.836923606,9.684005753,7.156673901,12.56246369,10.56679152,7.095950121,10.39693312,9.60437156,9.683315775,7.98424669,12.40598374,10.98877266,8.869678196,7.151374725,7.344281677,5.879705025,8.553336741,12.66128355,9.533964531,12.48612684,15.6548311,10.77269598,7.651871948,8.072938713,13.51752159,9.881589279,7.868950065,10.19081218,9.270830151,10.24722245,8.773876457,10.83448991,9.531721756,9.668972417,8.595911234,9.213815868,9.919396084,7.611903017,7.954031917
Mock 28,28,1,7.024012333,8.764186309,9.450793553,8.426841703,12.34429955,12.28972016,8.525040356,8.442335825,7.384761665,12.72909367,11.94490636,10.81188946,10.64766457,10.50545376,9.586341936,11.66507544,13.60760922,12.36909158,9.291316462,6.970445807,10.6185644,9.414474288,11.16487657,10.87777183,10.24790182,11.08144275,6.122143727,9.469505724,10.56356104,10.65617954,11.02135345,9.200694587,8.620983878,9.671145206,7.718131421,8.334532457,8.493741236,10.93999874,11.50840146,11.26321436,10.49800462,8.464091179,7.984188886,8.739321725,10.04228759,12.67008713,11.57523705,10.57933467,9.417674526,4.591745422,8.41593488,6.732672055,12.20311242,11.51573183,9.04805299,10.68587395,8.006085957,13.74695094,11.36790855,13.63698354,9.339720299,7.642095908,8.658339274,6.026489312,9.773835275,7.529849131,9.648855249,6.555789439,12.18369831,8.73103804,9.103651662,6.773627501,9.626159077,12.68523263,10.33993304,9.143863358,6.890351665,9.84541374,8.141611188,9.568446366,10.16766224,7.802638386,7.228880344,11.425601,14.47309249,9.744022841,11.1025052,11.00645626,8.331313916,8.403530194,8.677724294,10.29341073,9.351493542,11.24562371,12.97197361,6.950281016,7.885270018,8.352704427,9.81996969,9.158242035,11.8215579,12.45709047,11.77031569,7.247714886,9.806035151,8.139315461,5.207063307,10.2037477,9.669015655,8.06822651,7.3555757,9.554139032,11.45036693,13.00878278,8.482148134,11.16792026,14.62951334,14.02042427,9.915950993,8.052265178,9.19545027,13.49505106,8.409251174,8.976245039,9.863323268,7.49083479,11.71685527,10.4738415,7.99242494,10.39109837,10.01902915,9.399685012,8.216783126,12.18696795,11.07712004,8.64719655,7.233320286,6.234852393,7.636084397,8.142817951,12.98931984,8.936740281,12.16860199,15.58122558,10.46446976,7.710908487,7.835320945,13.70186476,10.07798266,7.083784044,9.681067691,9.158699959,9.99603174,9.062812605,10.56539715,9.48440124,9.7215254,8.493296864,9.192808244,10.26016919,8.342317354,8.095346724
Mock 30,30,1,7.235442941,9.199981197,9.178353219,8.246627215,12.2395178,12.23038802,8.687682033,7.302837701,7.006399734,12.32135856,12.08410811,10.57329889,10.5176445,11.11350199,9.045987968,12.35683887,12.88338752,12.68598335,9.352716589,7.616480475,10.43111633,9.621219119,10.94550857,11.06260911,10.22159292,11.16766485,6.801317649,9.504433175,10.46298225,10.25084714,11.22756758,9.974927807,8.622403717,9.906837884,8.046662046,8.82597274,7.993955,11.05093256,11.47946306,11.6566682,10.67323285,8.270990369,7.190868288,9.055696257,10.14262536,12.41655936,11.56393839,10.69794827,9.515907146,5.019394996,8.113806289,7.588825284,12.15300912,11.68347335,9.27252644,10.54246717,8.301785457,12.9743489,11.3107966,13.34910738,9.052723578,7.864741326,9.170372869,4.618606609,10.27020297,7.446492692,9.150751066,6.064217468,11.90182138,7.925198958,8.359201125,6.659714398,9.528592482,12.29616952,10.39303964,8.97017039,7.837027799,9.779065007,8.108660689,9.721819035,10.23862112,7.626764637,7.524117113,11.11426179,14.18125594,9.59522988,10.69877752,11.06219527,8.413759173,8.281157148,8.875831489,10.44725733,9.354803941,11.18696711,13.03583623,6.520834243,7.75544885,8.393099696,9.556219256,8.673782613,12.15416561,12.87236878,11.06530021,8.255049909,9.94083797,7.950814084,5.565258147,9.33800295,9.882502214,7.297153193,7.972321624,10.37617112,12.15575611,13.28898635,8.901152447,11.17896153,13.85155632,13.41935402,9.660156083,8.228938066,9.348851114,13.47622798,8.726501479,8.959733278,9.764912138,7.081258073,11.27546086,10.65119254,7.789677937,10.23026591,9.457708698,9.449587439,8.321703177,12.47283282,11.12979605,8.89763487,7.281536324,7.577528109,7.357407907,8.254038538,13.15441109,9.390328428,12.42785787,15.77522734,11.00304443,8.258998556,8.293717244,13.78447583,9.993310899,8.02899406,9.949989735,9.193927425,10.13409633,8.785138837,10.84944791,9.293906899,9.411128403,9.047646502,9.166330662,9.898811297,8.041996943,8.529753067
Mock 32,32,1,7.441504917,9.57464751,9.556285187,8.292749828,12.68915947,12.41764347,9.093790209,8.224995467,6.793656748,12.44146284,12.29424631,11.2878846,10.50443089,10.98862543,9.215765161,12.00748224,13.08017279,12.9653737,9.451528986,7.011855051,10.37793196,9.085962892,11.31217923,10.80872722,10.37356967,11.21965106,6.512663153,9.340140099,10.18190632,10.65394328,11.18327338,9.727182408,8.603745457,9.373681805,7.601650125,8.617564833,8.10218028,11.02812253,11.40711712,11.43910392,10.62880557,8.322848261,7.205708512,8.515216548,10.14664931,12.63756227,11.80203144,10.94569106,9.224125797,3.290003139,8.045946163,7.334228837,12.36330815,11.79483296,9.284248609,10.72587704,7.586323686,13.5195795,11.23344686,13.48384975,9.668430112,7.585129406,9.174030404,5.290331315,9.755767976,7.241906088,9.80903717,6.134368965,12.39578237,8.388234985,7.985013633,6.733080168,9.768496207,12.74728177,10.49274699,8.881793252,7.473578788,9.454823767,8.136035697,9.472056018,10.14187613,7.576776982,7.224656912,11.59723322,14.50934831,9.982423431,10.72349373,11.27094589,8.65830315,8.425011581,8.964270531,10.41208097,9.192408349,11.35771497,13.13784676,6.569193072,7.453539586,8.226823039,9.352797412,8.925389161,12.43464564,12.89688898,11.31195488,7.630288173,9.857623888,7.783378221,6.886261998,9.934116352,9.687265957,7.24132761,7.563413413,10.39714222,11.53630097,13.30375992,8.816606368,11.38608559,13.73216857,14.34342839,9.740050351,8.090034647,9.784772648,13.59766634,8.148822966,9.175079237,9.696494,7.245388801,11.50767963,10.62829415,7.302069625,10.67393355,9.815047384,9.425844397,7.759480605,12.2883134,11.15654889,8.893628965,7.15948527,7.040835942,6.981602989,8.871239659,13.37885866,9.252039538,11.94339333,15.33319154,10.82657914,8.255797267,8.299043999,13.91774545,9.869889163,7.738106873,9.972784766,9.312286462,10.17837017,8.423395255,10.69016068,9.361220595,9.328154518,9.050845597,9.038345097,10.11866406,7.797721681,8.200948878
Mock 34,34,1,6.738731403,9.515084257,9.100807905,7.817318372,12.67743266,11.48653041,8.557929137,7.63052777,6.589826959,12.56849856,12.20785568,10.23092906,10.73371079,11.26400119,9.239979539,11.59344408,12.90725902,12.75949215,9.259781953,7.461369251,10.14602742,9.414602074,10.85711622,10.6950014,10.20129548,11.19773992,7.13690415,9.344262343,10.07765154,10.66470475,11.08873241,9.557645361,8.865252649,9.335788468,8.131075427,8.263166239,7.555780454,10.90772174,11.0680477,10.80217642,10.38156634,8.432353692,7.415126261,8.780932289,10.0708249,12.27714667,11.59906647,10.6376333,9.338602425,4.972855655,8.065968626,7.484309539,12.300984,11.76595412,9.43767443,10.73031033,8.13973933,13.03124241,11.52444653,13.35518029,9.403735307,7.920139919,9.383277832,6.004941672,9.80772417,7.724832883,9.349314718,6.1078651,11.88490772,8.056839609,8.042235252,7.118313026,9.983926762,13.07201359,9.913954801,9.214975614,7.816601768,9.668779241,7.780015504,8.954871053,9.675978161,7.327996787,7.248074147,11.23645796,14.39613442,9.671002418,10.37761178,11.18233507,8.332995891,7.846508763,9.014501622,10.06507714,8.774378262,11.17452053,13.22132099,6.550749614,7.616397425,8.433413541,9.346537712,8.6092303,12.23902546,12.65442293,10.82716983,8.05167303,9.704558887,7.990252893,6.910316176,9.605444064,9.472123995,7.555520948,8.170554573,10.24752527,11.46515442,13.32295323,8.681714137,11.05880333,13.96180765,13.56462281,9.549006692,8.057764492,9.905405613,13.51505316,8.07254843,9.234803902,9.568753231,7.107196904,11.17975755,10.65410752,7.456052623,10.24820439,9.698364355,9.763102424,8.264399892,12.22000994,10.84910812,8.60689833,7.074923242,6.843226108,6.698177809,8.675808479,13.38314291,9.219477555,12.1721339,15.34805348,10.97221514,8.369555339,8.269954872,13.98164044,9.973819062,7.897193735,9.943587726,9.01408234,9.880562418,8.511651318,10.37045019,9.428060722,9.271689844,8.686415156,9.251913483,9.827595027,7.363866197,8.220828519
Mock 36,36,1,7.021205429,9.148231318,9.398221953,8.356868828,12.63759368,12.24944461,9.14064313,7.71896292,7.481745688,12.78337361,12.30386516,11.00664343,11.17116843,11.01649171,9.081162087,11.64830822,13.13487319,12.53587306,9.283925439,7.573016169,10.37193052,9.392174202,10.72746049,10.79581111,10.05424119,10.87017367,6.655145243,9.002235927,10.08437154,10.60954339,10.81840853,9.318438347,8.809115794,9.294063498,7.648674379,8.704290674,7.936033692,10.97211443,10.87143697,10.71617735,10.66245808,8.476054353,7.586726433,8.738869573,10.12422278,12.12315042,11.02311043,11.12423906,9.221369777,5.412265904,8.543707069,7.210676789,12.19998156,11.86860971,9.494837035,10.30374467,7.318138669,13.49483338,11.5908921,13.9371512,9.501126096,7.904396469,8.943342205,5.739719827,9.656675463,8.139108138,9.787849834,6.019012852,12.57870207,8.152782418,8.357915291,6.988722129,9.447492581,12.39183391,10.08092075,8.936098222,7.716962285,9.607182037,7.646776203,8.913436157,10.03451076,7.021160274,7.258973241,11.41155639,14.40207232,9.935493897,10.45744235,10.85848476,8.53735005,7.948301503,8.800531483,9.880954406,9.280550631,11.10490405,12.01032967,7.184523554,7.895724678,8.26860915,9.609066592,8.682910538,12.43156957,12.39538925,11.3192764,7.886148218,9.705626344,8.059883242,5.45471004,10.10902558,9.806179456,7.795883361,8.015716077,10.35727203,11.21203273,12.94544093,9.088228541,10.95037771,13.87809395,14.16265061,9.684318877,8.568106821,9.616480311,13.77875405,8.254623844,8.612876214,10.00267546,7.400789091,11.57078999,10.5156309,7.036484457,10.61241565,9.982516142,9.046218373,7.831460536,12.12800146,11.10963684,8.557010266,7.136258235,7.248905719,7.397513795,8.512135849,12.86085168,9.052070408,12.17306114,15.26350479,10.81636712,8.263562811,8.245237924,14.00034827,10.21913932,7.585236449,9.619813442,9.400847195,9.8507146,8.450375571,10.37824075,9.556430917,9.130830815,8.809503303,8.987854751,10.11131347,7.856485159,8.450329241
Mock 38,38,1,6.154911672,9.199130724,9.207234934,8.051615897,12.73910993,11.98914838,8.327613784,7.184215788,7.616916681,12.43604409,12.23607026,10.53444486,10.95916731,10.49384327,9.091583405,11.69522904,13.26028178,12.65349623,9.247605251,7.154711372,10.13433762,9.325427225,10.81065317,10.96221095,10.18236179,10.90282264,6.917517276,9.12609911,10.44228896,10.72151736,11.12510563,9.447451247,8.869962961,9.469866866,8.117640122,8.988413417,7.177102555,10.72228802,11.2222274,10.65609592,10.57430334,8.611817958,7.233533993,8.753568924,10.20208345,12.17396711,11.50408617,10.8044848,9.481943897,4.887875371,8.318775442,7.262613644,12.0166089,11.53748556,9.450754322,10.44232053,8.017667258,13.75094858,11.67890104,13.73187029,9.288830649,7.729449708,9.113083957,5.395166161,10.16921746,7.319407235,9.902385891,6.223226612,12.1931058,8.657815612,8.492812398,7.135080316,9.678250304,12.60195074,10.03720052,9.355888248,7.71981536,9.551062183,7.937081419,9.245587304,10.1362234,6.102248807,7.619618898,11.60063462,14.62661875,9.740782797,10.90410437,10.75540653,8.527873104,8.154709591,9.04307401,10.00991998,8.971284013,11.36289651,11.78806156,6.066036845,8.062553858,8.390170264,9.570655284,8.917575333,12.22204911,12.42906633,11.37984241,8.133174305,10.09192889,8.295069957,6.599352847,9.904849707,9.675738413,7.843685539,8.235674739,10.31635802,11.42095266,12.88709176,9.076500979,11.02912438,13.9772712,14.01388058,9.241210149,8.684369342,9.360155158,14.04229512,8.330888235,8.959066269,9.755304621,7.38186294,11.53833946,10.47307561,7.605521657,10.23342842,10.27210226,9.462955738,8.071164965,11.98588676,11.12530893,8.908949124,6.488282925,7.240781288,7.431599313,8.666272074,12.93856651,9.288826757,12.52161393,15.57913852,10.6242345,8.084313037,8.759206499,13.69354853,10.14630689,6.907254658,9.773760554,9.067735868,9.811827311,8.156129477,10.81841488,9.4285741,9.177880482,8.534497648,9.611159188,9.958055307,8.090954175,8.610564108
Mock 40,40,1,7.413177104,9.217330676,9.607234671,8.069939179,12.66785799,12.80256209,9.338666017,8.202331155,7.391010757,12.52412135,12.23289483,11.22931662,10.99578293,11.01965589,9.214456493,11.71086913,12.91367433,12.80593389,9.244903119,7.407074567,10.10537212,8.872421425,11.03571739,10.80250205,10.12323738,11.06618063,6.792267326,8.672415666,10.05827829,10.65258214,11.03549317,9.21463384,8.592829008,9.043972342,8.206175091,8.760205658,8.106274637,10.96242019,10.97371347,10.683233,10.38397903,7.955671165,6.865003564,8.640334631,10.20696961,12.07325626,11.59627417,10.94070385,9.469558529,4.402976598,8.362413537,7.317180109,12.11692856,11.68658845,9.636004373,10.14121704,7.501329174,13.207194,11.99145783,13.85045453,9.642662307,7.383501014,9.066938712,5.596594262,10.02957151,8.102635219,9.835162775,5.976978688,12.85706251,8.399102434,8.383760923,7.029748983,9.53943207,12.38970017,10.31523423,9.246926412,7.800387997,9.706061748,7.849485633,9.093845043,10.28166077,6.907207686,7.173375162,11.5642871,14.53927137,9.975448142,10.747542,10.96108084,8.428494772,7.974948151,8.862157513,9.899410539,9.113395148,11.27744592,11.32461368,6.856414745,7.925061829,7.924676419,9.398200162,8.351528455,12.20657016,12.67629315,10.92999846,7.869799081,9.740590036,8.175986288,5.457243686,10.06760732,9.884298116,7.208410226,8.323363589,9.898626221,11.30269162,13.14759136,9.139891241,11.10209978,13.58932251,13.55842381,9.675137796,8.592572732,9.680264435,13.94904037,7.749436327,8.800523632,9.955533165,6.987000081,12.15983663,10.58419338,7.612242058,10.6272661,10.33963514,9.308086068,7.734946444,11.88610003,10.79374983,8.730658359,6.484383606,6.663791693,6.979474632,8.733049974,13.02322174,8.973252815,12.68445909,15.09800552,10.92122963,8.020492583,8.371156861,14.05545272,10.14064473,8.12296437,9.695776152,9.235493751,9.990237131,8.235883762,10.92489713,9.533739388,9.359847693,8.753612925,9.287395918,10.20407472,7.956696053,8.50751215
Mock 42,42,1,7.27068709,9.203112623,9.561071211,8.105216165,12.6648897,12.62942089,9.696883418,8.688155461,7.442479425,12.56308212,12.2329709,11.19384905,11.48930291,10.99634998,9.406185614,12.17346607,12.89502829,12.91692158,9.277893777,7.089942641,10.12975284,8.941385466,10.87174822,10.87855854,10.04595327,10.91187796,7.230214375,9.16622119,10.11095177,10.57126402,10.98831291,9.323996894,8.473050174,9.477410214,8.485645017,8.656470944,8.155706888,10.54703711,11.64408826,10.87795509,10.46343679,8.42611474,7.384480817,8.93664364,9.848680964,12.0400799,11.7367659,10.72900354,9.549055482,4.340944919,8.62723902,7.254045539,11.91530041,11.78767949,9.703868667,10.38051184,8.117351086,13.27317982,11.51083543,13.66034216,9.764317452,7.628518712,9.276948241,5.738525952,10.11220457,7.811438093,10.00355945,5.666854042,12.53533486,8.382522233,8.343675246,7.044037293,9.826599263,13.05117111,10.33192454,9.555992198,7.845994749,9.720414433,8.036791406,9.287692079,10.31869311,7.423376068,7.259769838,11.36234114,14.2786799,9.96466568,10.79008504,10.97427065,8.587242789,8.060396117,8.522792955,9.925956553,9.008013413,11.28544342,11.00283483,7.058109095,7.520484642,8.248643729,9.10122854,8.496818271,12.21053672,12.57262178,11.02483577,8.400213739,9.881215484,8.318115676,6.434829766,9.826405075,9.789634408,7.174878417,8.336529583,10.27593005,11.71430591,12.92788583,9.56394772,10.87357651,13.35513297,13.50627558,9.913850479,8.562242644,9.405135045,13.86864497,8.307502939,8.592894484,9.580981891,6.781424865,12.07830864,10.55820444,7.708787382,10.59866277,10.17963673,9.412134788,8.071976663,12.2214827,11.25714466,8.803610877,6.952916128,7.381864681,7.317254014,8.466414239,12.98221616,9.148597445,12.29369478,15.54478024,10.55407219,8.183770119,8.751704755,13.57322588,10.11338597,7.744034333,9.901594081,9.58049658,9.583382427,8.69536609,10.94198318,9.551853027,9.289222565,9.009355304,9.613447085,10.31385563,7.920035077,8.467569113
Mock 44,44,1,6.735326362,9.285756232,9.394084606,7.779802613,12.43253174,12.28523666,8.926248919,8.385929608,7.273571385,12.53493802,11.86936023,10.71405265,10.46275702,11.03663447,9.286776869,11.70589114,12.96699302,12.88593723,9.346440981,7.24551246,10.00605558,9.305126436,11.19129579,10.53650553,10.04733378,11.00208731,7.37796174,9.520651805,9.98419976,10.80903249,11.32249589,8.754991978,8.577331982,9.979535197,8.216773113,9.027214097,7.864868583,10.72648301,11.39282826,11.78060588,10.64235128,8.179096505,7.445120381,8.714509413,9.801991869,12.42682431,11.58503761,11.1061399,9.393672543,6.062002688,8.325974742,7.908859126,12.05511455,11.85774586,9.315337781,10.09879279,7.594741513,13.1443476,11.25951268,13.37660073,9.417431739,7.778855989,8.917218745,5.002060333,9.97879589,7.908632224,9.590741023,6.420968233,12.20030447,8.935854659,8.402462542,6.354894964,9.407016451,12.08913163,9.963105536,9.102738186,7.666347694,9.264530721,8.295921728,9.618135902,10.02273875,7.19646306,7.634919979,11.23425628,14.29965187,9.861765395,10.43034109,11.11638706,8.327440298,8.439135941,8.578912193,10.01296035,8.700176272,11.14007623,12.7906714,7.136049331,7.967114752,8.383913945,8.858347034,8.46288482,12.2767276,12.38003127,11.05571637,8.123478518,9.996271304,8.324490757,6.339802289,9.566909207,9.416753164,7.478466947,7.84820727,9.823099753,11.2259462,13.0409656,9.340016803,10.81737937,13.57566209,13.69291108,9.464458999,8.19792885,9.012158291,13.76002848,7.928850025,8.873750362,9.24029684,7.384620758,11.17164454,10.23573317,7.250017802,10.69067871,9.818521788,9.793700438,8.08542096,12.05674936,10.74952628,8.171787321,7.525317389,7.449916772,6.513892824,8.397159807,13.14538803,8.783220495,11.67808201,15.43907832,10.51195309,8.33646328,8.457598344,14.01579331,10.00736343,7.585203296,9.823166718,9.142634402,9.598219664,8.586023203,10.62711854,9.376000376,9.141534615,8.829178037,9.114531807,9.834236195,7.833488265,8.285162844
Mock 46,46,1,7.302105011,8.565198126,9.283761104,8.088819885,12.44469858,12.44055727,9.063917228,8.653532974,7.522680141,12.29125429,11.80309963,10.95739725,10.31957795,10.67237695,9.019374176,11.9561711,12.62912931,12.07010798,9.206404159,8.02315817,10.22937717,9.533081392,10.83130771,10.7482125,10.50548886,10.76619499,6.959856306,9.871112967,10.34585406,10.56493987,11.13384171,9.357869368,8.514469589,9.830207056,8.057344272,8.863281634,8.251388316,10.71189228,11.44238617,11.10617279,10.56482105,8.514603118,7.497074022,9.145837073,10.39704576,12.47486048,11.91437453,10.88523656,9.305726497,5.364985282,8.279822522,7.542299813,11.77924392,11.71008426,9.700277022,10.22064062,8.067223244,13.14048933,10.82456464,13.50205718,9.328632533,7.794264277,9.158815019,5.519765926,10.10952846,7.58608839,9.691755108,5.651523588,12.81585959,8.353527737,8.18888802,7.127933632,9.343718188,12.50264393,9.773852123,9.11811545,7.33990019,9.45234496,7.654941549,9.631778283,10.00988271,7.13598383,7.317523506,11.26216093,14.11125559,10.08628452,10.96608425,11.29804516,8.433899243,8.167856626,8.833988628,9.939743817,8.88641452,11.19685519,13.48084629,7.588782298,8.106958987,8.202964291,9.28078064,8.195128993,12.2780724,12.50248412,10.71673583,8.312475142,10.14067604,8.307330206,5.992911827,9.424511076,9.953773704,7.175651484,8.21979629,9.827261787,11.68136235,13.17797517,8.913995236,11.2689333,13.78604117,14.21817102,9.825718905,8.351250677,8.95275064,13.4706087,7.808567327,8.65591972,9.345782035,7.16772683,11.84866903,10.62876244,7.531177503,10.60911789,9.727048564,9.697481836,7.870023829,12.24756081,10.80382095,8.47208226,7.590408382,7.38154504,6.814401008,8.889680281,12.83829979,9.163262413,11.97065921,15.52275267,10.36049394,8.022413401,8.392901489,13.68657322,9.898285548,7.891580864,9.955027465,9.132191269,9.460467741,8.901653251,10.80214446,9.276121038,9.174100942,8.954915823,9.131846378,9.982865828,8.185999661,8.707389062
Mock 48,48,1,7.087728188,8.801224134,8.991936405,8.164748439,12.57885884,12.35605436,7.901124716,8.500402553,7.088003929,12.51476602,11.94959282,10.54357428,10.26777295,10.88224627,9.321650608,11.87323614,12.8966616,12.12411405,9.150890801,7.442999394,10.20079388,9.856672715,10.88261967,10.95155127,10.13383766,11.05104129,6.915987617,9.629668921,10.4676259,10.9311329,11.02678865,9.329682911,8.815777898,10.16958116,7.727161201,9.040159917,7.723471786,10.79472087,11.0413407,11.1303041,10.59840986,8.332272635,7.5890369,8.612993964,10.43458192,12.53702032,11.92065952,10.27317415,9.253368554,5.466341763,7.972237278,7.464836644,11.90392353,11.63927598,9.504607509,10.3377577,7.898772456,13.53879181,10.96446791,13.61337753,9.373576796,7.802402368,9.232603572,4.650573444,9.846643286,7.802650757,8.920752283,6.205230852,12.45896474,8.479995271,8.412083734,6.807438291,9.873492345,12.96097342,9.503719547,9.291092325,7.525777814,9.671106165,8.296063884,9.52836288,10.13557046,7.434619413,7.012421921,11.49012511,14.57801679,9.623999661,11.20786658,11.30352719,8.18990495,7.869676974,8.910275379,10.08511925,9.014428885,11.01756887,13.00470847,7.395877178,7.260409894,7.798071922,9.618839117,8.629070671,12.00217408,12.52513394,10.70818768,8.23426809,9.896215352,8.435085701,6.565145344,9.154533848,9.347622719,7.920006667,8.233965539,10.05807609,11.30794015,13.13954208,8.50497145,11.37546629,14.14749949,13.66768104,9.378986317,8.015789355,9.116043168,13.54522929,8.038148253,8.715047689,9.406970798,6.841071776,12.51297219,10.62622424,7.384543816,10.14682374,9.677411898,9.488900375,7.901117386,12.26843471,10.89950168,8.305414196,7.319664841,7.224399809,7.005796525,8.351567236,13.09459685,9.165879867,12.20824673,15.24870783,10.37464211,8.256315615,8.235040204,13.67952939,9.936446898,7.704107968,9.705833274,8.741486698,9.724893889,8.670072895,10.57208736,9.444519632,9.454464524,8.75272783,9.179576488,9.690994136,7.520582087,8.341817252
Infec 2,2,2,7.667015257,9.08491184,9.574072663,8.555779764,11.38443516,11.93963011,8.428038382,8.697837144,7.542847079,12.20751257,11.73187103,10.8833119,11.30048048,10.43436622,9.344818796,12.06440513,13.75055019,12.90250037,9.218649871,7.036242716,10.50016807,9.984252314,11.54520279,10.8473888,10.24695333,11.31313823,6.348388947,9.293636158,10.29335302,10.10012461,11.01435353,9.272587061,8.698060046,10.04047288,8.269061868,8.368107839,8.412118616,10.30975027,11.88379003,13.16283431,10.52121923,8.15190915,7.41491997,8.800852456,10.79965347,11.65978173,11.52358525,11.52081618,9.90173971,5.938921186,7.519279474,7.730904463,11.77123609,11.64483466,9.289779293,10.91128111,8.156216547,13.49165381,11.48248398,13.17255818,10.04677729,7.576304318,9.140683394,5.058875743,9.449862555,7.899271814,9.725071135,6.954561633,12.27732056,8.799566665,8.508470986,6.502965951,10.02325874,12.59046614,10.32907904,9.112201145,7.440454893,9.22755201,8.085995098,8.880393159,10.48874646,7.416697679,7.673460923,11.23950486,13.88509784,9.815541784,10.57186929,11.31287189,8.625875904,8.452555412,8.37692921,10.20762558,9.582817669,11.04943533,13.80611418,6.728391039,8.450599052,8.192424755,11.56515685,8.587792161,12.30582375,12.40335614,11.53870868,8.170045574,9.937108583,8.132301648,4.921567132,9.864845625,9.75493485,7.737977801,8.174660642,10.43918363,11.50129174,12.67534319,9.540389963,10.88438196,15.48917102,14.70690894,9.625709628,8.565324319,9.559839115,12.87522731,8.211844715,9.265376432,9.698003305,6.971655155,12.20648549,10.86851393,6.760577071,10.25726768,9.472414088,9.111765884,8.121222546,12.21015245,11.77527139,9.035721091,6.854924203,7.294446539,6.480845876,8.587682994,13.43896684,9.382989029,12.02267464,15.34399011,10.92618314,7.901225029,8.356305102,13.26319057,10.38242289,7.770721257,10.37467588,8.990352496,10.14612487,8.76419337,10.72792372,9.321894844,9.493737018,8.932579841,9.098528794,10.29994727,7.382375068,8.641847199
Infec 4,4,2,7.015534027,8.281120399,9.414263689,8.128324255,12.07099671,12.13347309,8.520289902,8.129100454,7.009020891,12.2060196,11.72261231,10.90649362,10.58418473,10.4802336,9.423009684,11.76721514,13.14338732,12.70720056,9.407359349,7.086504508,10.1805633,9.60927309,11.25295691,10.77156202,10.54052626,11.27288137,7.4097145,9.020094629,9.85036428,10.12095148,11.10633619,9.378478356,8.923106493,9.922340803,7.722139675,8.00518489,8.414485844,10.75599854,11.22825725,12.08496475,10.54391662,7.419931027,7.679866285,8.391759442,10.35821423,12.2420757,11.55878493,11.26512766,9.302380817,5.420237739,7.718832146,7.192383396,12.14293934,11.61944674,8.833583368,10.56692514,7.689735734,13.55740724,11.06774259,13.36062348,9.554904406,7.311450966,9.075451289,5.653943147,9.266736258,7.430865543,9.071695619,6.71982089,12.23624763,8.701304046,8.49287698,6.443612873,10.05529363,12.5722193,10.26209475,8.663512533,7.02006166,9.62552491,7.839001156,8.988899585,10.06256286,6.839426489,7.684868544,11.24898626,13.90301747,9.482997784,10.73638809,11.03666682,8.021338198,7.958947997,8.665261746,9.862540488,8.822741914,11.22667953,13.7730682,7.227876465,7.951853625,7.56139184,10.55911876,8.639201322,12.4885444,12.53954194,11.40958197,7.906586886,10.00376633,8.146697145,6.342026352,9.74917834,9.306889254,8.13878972,7.80897459,10.64384047,10.8079747,12.73956943,9.167887752,10.916766,14.77721021,14.54958244,9.328928308,7.9120294,9.479947407,12.96238635,7.834720016,9.645180685,9.7302636,7.478379073,11.98388739,10.29147815,7.588044092,10.33566173,9.041379547,9.426826206,7.96526281,12.14530611,11.62406631,8.914224808,7.159485952,6.971657575,7.530865222,8.774225185,13.32224593,9.279892795,12.0034731,15.37830332,10.60359639,7.204810907,8.548758725,13.44622469,10.50688229,7.657869706,9.891439727,8.809861749,10.10766342,8.202157163,10.63636736,9.435388656,9.584727486,8.423993423,9.181940829,10.01562609,7.034858245,8.328125662
Infec 6,6,2,7.387341947,9.298411333,9.573224041,7.791430651,12.44155735,12.44107913,9.058498859,8.451212292,7.231003293,11.89523871,11.98188955,11.51324085,10.58013696,10.52265413,9.254000687,12.10043304,13.36210476,13.12919026,9.296685281,6.63130239,9.990949383,9.374677842,11.46223122,10.70593358,10.60253005,11.33155497,6.962395397,9.015608635,9.362022418,9.984702592,10.99992829,9.660602772,8.508420626,9.821721227,7.936123038,8.222218787,8.464983882,11.0276001,11.38843907,12.20419423,10.52998103,8.163393951,6.647588093,8.551646331,10.14700298,12.39588176,11.60179292,12.22291345,9.318903385,4.833552381,8.018327478,7.08079679,12.00984089,11.82462809,9.737301625,10.91577311,7.612678339,13.7571121,10.75313674,13.13256177,9.889380043,7.437144245,9.136204487,4.305690584,9.637191181,7.541170355,9.863948765,5.816966321,12.78802253,8.352991829,8.530870992,6.638151171,10.32977568,13.25260509,10.77872695,8.413940828,7.705791466,9.702971786,7.803251621,9.265995618,9.979887459,6.771521737,7.37765103,11.33335782,13.86418506,10.09357308,11.06696816,11.25442306,7.991043029,8.559953158,8.675500607,9.590996571,9.094354397,11.40641891,12.9011613,6.436655814,7.491960181,7.6090237,10.36961019,8.71750374,12.745282,12.38712801,11.60104076,7.749704775,10.1341216,8.117816105,5.767857901,10.18717952,9.623583065,7.642421313,7.846642776,10.52826808,11.32809903,13.02586932,9.125445623,10.9276216,14.34305539,14.45984462,9.676472664,8.241770643,9.647495659,13.01720986,8.293891081,9.370637704,9.840378124,6.97663824,11.90212115,10.0954245,7.42181348,11.1169223,9.558429,9.776153643,7.990062521,12.00368152,11.15118187,8.825818724,6.89821979,7.168843758,6.67285218,9.063280034,13.59081829,9.121361433,11.79706625,15.21070255,10.81428461,7.762260157,8.302937135,14.05492321,10.33450603,7.645151301,9.85868984,9.251794819,10.0628892,8.600768541,10.89544267,9.47714031,9.464483109,8.618580984,9.211498118,10.14237377,7.32394176,8.223796235
Infec 8,8,2,6.777581129,9.183253915,9.325120466,7.85848017,12.52073507,12.25205016,8.425083996,8.116529054,7.212864612,12.00441509,11.98390671,11.25048081,10.43975626,10.59271511,9.233798827,11.89858279,13.49350945,13.1560176,9.579998454,7.136012289,9.969859757,9.559635499,11.29740918,10.76577373,10.59956196,11.27018364,6.63421671,9.176530111,9.859727598,10.40981155,11.50872356,9.35124092,8.662009319,9.739738442,8.214874067,8.387812794,8.217597019,11.08136064,11.19836945,12.26058021,10.57958875,8.14869016,6.881673634,8.270438484,10.31688902,12.65664044,11.91414723,12.13029806,9.44769051,5.49676802,7.461852017,6.937217752,12.26349078,11.69774871,9.609120755,10.50693654,7.712365783,13.74850679,10.74717569,13.17332673,9.923991209,7.140896641,9.322869653,6.648957893,9.92157588,7.614271857,9.655380933,5.787630897,12.39015074,8.845849629,8.418819547,6.472267299,9.699961514,12.31990137,10.60720736,8.193560992,7.177370449,9.522774694,7.280388365,9.495560142,9.927382365,7.187126106,6.950513581,11.4552875,14.12861148,9.992532938,11.0051208,11.2617392,8.115830095,8.119853133,8.680817729,9.514105269,8.957720437,11.42795626,13.19095339,6.751083855,7.75468521,7.852021634,10.30888023,8.602694388,12.69548667,12.26244176,11.35364345,7.413666274,10.13001581,8.291317649,5.966196164,10.13897294,9.549223343,7.599877686,7.990873619,10.54085589,10.8117109,12.93873765,8.879261498,11.10727544,14.28458133,14.54538427,9.513925401,8.209666182,9.60261829,13.19527078,8.138003047,9.577307401,9.790777638,7.248338661,11.59628959,10.27090364,7.337155702,10.75114103,9.980014266,9.865371587,7.746835724,11.82820305,11.22403002,8.779107552,6.222484269,7.174051778,7.16010536,9.02029706,13.22013316,9.240148444,11.65692798,15.3184484,11.01490841,7.679753788,7.470438059,13.99475944,10.21304702,7.159398376,9.904608606,8.758812026,9.87857861,8.38575527,10.82568429,9.526209393,9.403945071,8.494058698,9.188127416,9.817763489,7.197193068,8.141578543
Infec 10,10,2,7.137106445,9.446504625,9.488949203,8.312132953,12.29424863,12.39587176,9.168644532,8.133351,7.071953305,12.08987124,11.93538023,11.4422807,10.51467978,10.74008021,9.299954956,12.08764888,13.15199652,12.74204661,9.423477223,6.049819608,10.30705519,9.358117334,11.29000503,10.83866291,10.45961771,10.98962121,6.580888811,9.329739357,9.779446188,10.23827148,11.48755625,9.66918943,8.338467529,9.472991147,7.831971191,8.371368579,8.710928119,11.01167642,11.25571876,12.15678639,10.58599469,8.202900683,7.153436216,8.442737364,9.97766242,12.45556381,11.39011485,12.38934328,9.479516421,6.221644622,8.234255918,7.167945956,12.2687499,11.93025583,9.271912396,10.79868677,7.925736999,13.56768478,10.69354426,13.24886055,9.7511053,7.481618365,8.958030508,6.184578911,9.722145486,7.815691204,9.99330119,6.885699243,12.56102372,8.511037863,8.334863889,5.914228267,9.866683451,12.97855976,10.6326135,8.381574712,7.470687169,9.444651828,7.874154139,9.402981967,9.725552056,7.249746732,7.310824762,11.28711292,13.98989572,10.08407453,10.82974934,11.0937509,8.547947862,8.377425503,8.597415627,9.695418984,8.772520082,11.28968201,12.60919057,6.247339153,7.748377286,7.93017049,9.967274635,8.643313799,12.8416605,12.39734848,11.60639374,7.812771381,10.16470303,8.079053415,6.139100519,9.910785288,9.76446507,7.512741261,7.704473916,10.63977714,11.26936789,12.81702538,9.597711432,10.90721962,13.95959503,14.65617735,9.807005877,8.269303137,9.619481658,13.17615794,8.22780489,9.442012963,9.601627038,7.338243962,11.700448,10.2666782,7.047947268,11.17775974,9.973306116,9.73206957,7.876313112,12.13407477,11.36298624,8.822266363,5.939589131,6.880491026,7.023829658,8.945358304,13.70666258,9.364374232,11.59465558,15.12354151,10.9576383,7.62246493,8.25460736,13.86413092,10.30804979,7.588206379,9.816031396,9.271463219,10.04414607,8.815075218,10.64415668,9.430871656,9.54721758,8.563462559,8.864828582,10.18219394,7.053148209,7.99181076
Infec 12,12,2,6.974486043,9.231703835,9.456332813,7.757038293,12.66827654,12.57601934,9.216083209,8.129121589,7.397418443,11.96519261,12.09340896,11.33274077,10.71664766,10.37205735,9.277431002,11.85366495,12.90971427,11.87027999,9.24448841,6.957294774,9.950302575,8.964485705,11.03268062,10.94958337,10.55127031,10.96091983,7.036192114,8.805763104,9.909938674,10.65133247,11.26554755,9.44307321,8.76277128,9.501682794,7.856039543,8.720889669,8.748794821,10.99658966,11.06643962,11.09783973,10.52418514,8.267254613,7.299147545,8.384352797,10.11495956,12.35242219,11.88534147,13.02799102,9.647858759,5.453697405,8.550822077,6.435593314,11.67864943,11.46980903,9.701766153,10.43534855,7.828693623,13.82319305,10.71515078,13.50934484,9.508857873,7.195979712,9.227742129,5.423460127,9.968879204,7.045923657,10.31334898,6.122639767,13.09997872,8.758616879,8.310044338,6.54543544,9.707270035,11.80330267,10.42182745,8.331640221,7.797948678,9.711429147,7.444447261,9.599706882,9.844887601,6.513744495,7.328795762,11.45961732,13.76441439,10.08704898,11.01949323,10.71012471,8.385788571,8.194210962,8.659765344,9.47539702,9.167771344,11.36145849,12.39844937,6.500168269,7.711292984,7.689241029,9.956027535,8.835472352,12.49523747,12.11190119,11.53179051,7.945672332,10.19600582,8.122919222,6.836367221,10.11134744,9.404619792,7.275478766,7.566119534,10.07087048,11.22571522,12.95150561,9.192893417,11.01411998,13.80855504,13.97354671,9.603868811,8.785493764,9.298429787,13.33381765,7.654720522,9.17775213,9.939758492,7.02591685,12.42410783,10.30433106,7.4366252,11.18680454,10.06149719,9.767797802,7.446305794,12.00394268,11.19563093,9.042715715,7.028159127,7.611335517,6.755252601,9.064148711,12.12025299,9.115257667,12.28014656,14.98548401,11.01271529,8.093869238,8.716778346,14.0359754,10.76735463,7.753949031,9.547044886,9.223814209,9.677752911,8.556953132,11.09951051,9.438218891,9.136946162,8.674242207,9.100907409,10.14404332,7.571057199,8.35291421
Infec 14,14,2,7.289770155,9.092455467,9.449971019,7.848833931,12.82360428,12.57858984,8.982977821,8.49994333,6.720804961,12.12344927,12.11476403,11.09776541,10.87651092,10.44450957,9.18301809,11.88284325,12.98665284,11.99565619,9.462128546,6.628415073,10.06091899,9.072373318,10.91026864,10.94521877,10.49144342,10.86819116,6.849371042,8.419614599,9.660896648,10.62501831,11.18830966,9.700640318,8.659848561,9.260972046,7.969756188,8.544693114,8.220802192,10.87407195,11.17529979,10.87860172,10.66017455,8.037496898,7.397678482,8.588754708,10.01765819,12.40601988,11.85982795,11.72243986,9.546367886,5.237018204,8.414463356,7.383778659,11.7283185,11.64385673,9.825030921,10.4837736,7.577787013,13.82021165,11.27714825,13.65870445,9.519845062,7.213744274,9.267132539,5.864087847,9.844516111,7.725862495,10.4215739,6.443460668,13.0895145,8.864664366,8.45657765,6.870187006,9.726894702,12.37922527,10.28645648,8.528228419,7.908154196,9.813450435,7.48217973,9.515912226,10.07593108,7.034240734,7.094911698,11.58262368,13.99185321,10.19833948,10.9753188,10.76463131,8.458164427,7.90012093,8.669295329,9.590870524,8.856782566,11.4349083,11.82187325,6.218456212,7.710672374,7.31995062,9.743899983,8.958000421,12.55722141,12.36207921,11.64837532,7.83876701,10.08037139,8.353410397,6.383712584,10.22528677,9.092239156,7.909328435,7.844805077,10.58584966,11.12576003,12.78344505,9.461399107,10.9363356,13.73430709,14.02199401,9.667366678,8.660183603,8.827887913,13.62541506,7.924844865,9.268169209,9.975172647,7.324248774,12.43757926,10.25635546,7.591170811,11.01460508,10.46065803,9.322091074,7.7358989,12.07381961,11.03954003,8.730189937,6.593564365,7.495336483,7.098781209,9.029697649,12.84841857,9.322258683,12.33941332,14.9408755,10.85441002,7.970879373,8.878169594,13.86339005,10.50630981,7.866114256,9.678282535,9.0167453,9.626121985,8.448252722,11.27745231,9.337815594,9.104031806,8.571590659,9.368760022,9.99581169,7.58923331,8.369740047
Infec 16,16,2,7.251307573,9.438378035,9.053073108,7.604992366,12.75404174,12.00712522,8.539733186,8.177491548,7.061046335,12.24828945,11.39954024,10.40179491,11.4823164,11.02940646,9.026954807,11.10230978,13.50554868,12.70721841,9.195048463,6.771986104,10.03070477,9.42868405,11.06780333,11.14669602,10.58287185,10.75033651,7.153282994,8.779000378,10.18628988,10.40975974,11.38724179,9.251089315,8.897633992,9.322361933,8.484060546,8.652206655,7.993256857,10.52258077,10.9176488,11.36407145,11.076189,8.192139272,7.341198685,8.416844782,10.13161973,12.57255872,12.19420534,10.65998279,9.702039429,6.133214482,7.567610559,7.055702743,11.56711347,11.84681884,9.202600847,10.32126833,7.643452747,14.12194622,11.11486113,13.5236892,9.497915043,7.674289583,9.505968031,5.133286983,9.636769996,7.96731888,9.656988959,6.411895244,12.19862743,8.797684847,8.254610448,7.368930946,9.824386523,12.83213795,9.263336733,9.386578104,7.866224724,9.993682395,7.951558405,9.397448169,10.50988622,6.531453668,7.447335594,11.6974542,14.10208266,9.762379881,10.56669029,11.03851225,8.204437203,7.763258678,8.866899114,9.743125572,8.484950918,11.02470467,11.67668525,6.710892391,7.807845023,8.046908989,10.33410497,8.739943914,12.77940063,12.28065655,11.19161275,7.77701929,9.93692546,8.547100315,6.908528168,9.962026689,8.86650923,7.83586199,8.232762227,10.76882237,10.88246398,12.90281944,9.15031833,10.41818278,13.92934331,13.81402239,9.240579137,8.572039881,8.741909721,13.89517625,7.842113305,8.802138209,9.977006712,7.035610634,12.54117359,10.44044371,7.213616695,10.02429371,10.81548176,9.673724115,7.909115788,12.24179217,11.29045627,8.840482712,7.317212854,7.096342371,7.269657353,8.602266154,12.97122694,9.317192801,12.4716328,15.0768176,11.41399408,8.297113359,8.941712238,13.74719858,10.59659274,7.303396034,9.974537693,8.521141388,9.842135289,8.264352107,11.26014616,9.433398784,9.184160948,8.123184893,10.00989674,9.838367275,7.208112017,8.301351643
Infec 18,18,2,6.677529305,9.186435502,9.330748822,7.82651037,12.52132672,13.0712114,9.2733188,8.361056562,6.945696945,12.21032007,11.84076366,10.8853059,11.44650259,10.3427118,9.254789481,11.86727713,12.85476759,12.48042228,9.373205762,7.027367419,10.0552975,9.167465325,10.96697077,11.03027176,10.52673367,10.5861891,6.806668577,8.775465157,9.778986021,10.63051684,11.17563993,9.584775442,8.855352647,9.432516199,8.18812089,8.559005246,8.230358289,10.66573232,11.20462644,11.06855847,10.61536458,8.192572046,7.086112027,8.273525524,9.968462682,12.41631176,12.19695429,11.57014108,10.02097255,5.476242655,8.262460863,6.791176762,11.58887318,11.76515634,9.93124518,10.36268146,7.576135136,14.11951075,11.10999233,13.69400717,9.739801583,7.520945232,9.307999636,4.424730797,9.345230187,6.96651808,10.76328905,5.385577903,12.76997824,8.896435105,8.427008551,6.830578263,9.721786417,12.46118619,9.998303659,8.634827956,7.77951944,9.805842242,7.802887394,9.184930717,10.13534965,6.768331262,7.305934544,11.69778804,14.15966787,10.36644201,11.02313986,10.86827096,8.120302728,8.007725359,8.502677851,9.491584957,8.711584642,11.23031257,11.40151787,6.399875843,7.939600456,7.848471515,9.740410025,8.823522887,12.93670539,12.17308374,11.80338777,7.9523487,10.0344759,8.390287579,5.275041497,10.37408177,9.549683126,8.571909745,7.549382389,10.73711452,11.16397114,12.64271499,9.429298218,10.80347486,13.88278896,14.02565649,9.840269116,9.173413732,9.017494303,13.88865823,8.013740856,8.916269817,9.788003309,7.121853502,12.90960501,10.28268851,8.002612904,10.79271828,10.38811482,9.550604684,7.9668796,12.07961967,11.20822918,8.835991789,7.45124105,7.23156771,6.308370078,9.033643344,12.42758396,9.159582218,12.1604465,15.50937087,10.90161752,7.639740811,9.656992813,13.86816454,10.70242572,7.785612257,9.987306235,9.201345991,9.592890124,8.372212737,11.25666132,9.22832019,8.978315217,8.772783762,9.437153879,10.22608344,7.693702722,8.260089898
Infec 20,20,2,7.02108767,8.857071046,9.473357506,7.962334784,12.41351162,12.23173041,8.417650662,8.475672904,7.593461098,12.32397362,11.84830565,11.02648462,10.24263659,10.23589808,9.220276694,11.91549163,13.40911593,12.39439982,9.550207015,6.885189251,9.935018701,9.387849195,11.30248861,10.78525897,10.41396486,11.12625529,7.145677398,9.189494266,9.77349936,10.5873433,11.53071822,9.442155517,8.688309855,9.715547556,8.364592526,7.85039622,8.649479595,10.30492263,11.52155227,12.05461119,10.70422731,8.268810719,7.419947517,9.110803234,10.22552944,12.93734146,12.22574952,11.15503911,9.454907702,6.144489874,6.98478976,7.159526826,11.64194832,11.75747678,9.411113477,10.05399768,7.460867604,14.08882902,10.54458871,13.28875874,9.615175948,7.089378806,9.285319206,6.000483618,9.747383748,6.328286422,10.47729763,6.245849443,12.52022785,8.722979812,8.631453268,5.629834714,9.986959264,13.01909,9.941769894,8.726023035,7.154972943,9.518023949,8.032163568,9.557039256,10.12763548,6.89201271,7.13272981,11.416678,14.02703818,9.713344261,10.84680209,11.04516199,8.361910591,8.200936633,9.036798855,9.983669965,8.58229314,11.2743685,13.3628364,6.796920396,7.918690336,7.975378757,9.966375127,8.538575423,12.63467444,12.45026606,11.69127112,7.791159073,10.1954945,8.312685801,6.032377247,9.821074301,9.554112063,7.697074074,7.624371854,10.10277388,11.26941724,12.87252003,8.911558228,10.49470334,14.21680956,14.51789142,9.490526251,7.542939903,8.5731834,13.28860575,7.617419502,9.107110841,9.249095945,7.055779917,12.21896143,10.61585188,6.983151543,10.95697925,9.750561034,9.762180879,7.947264904,12.10799582,11.3104878,8.38238632,6.779520949,7.502338759,7.224678826,9.230342823,12.95540234,9.148866545,11.88496134,15.435589,10.14992835,7.987785481,9.813703895,13.92432437,10.34281055,7.877646723,10.3844429,8.966965055,9.934889907,8.489105551,11.1197302,9.468663397,9.299114435,9.007086314,9.543265878,10.02502865,7.820008064,8.314395927
Infec 22,22,2,7.15014758,8.91508004,9.246800057,7.507785058,12.23905637,11.91480165,8.470049566,8.273814543,7.433328647,12.45479636,11.8893776,11.38895997,10.45078373,9.814892801,9.475042146,11.73353311,13.7591676,11.75280063,9.469037788,6.869502998,9.44416898,9.533099053,10.94445072,10.7279068,10.43660325,11.11672021,7.366379922,8.527710771,10.2766678,10.80485482,11.02763631,9.26558053,8.748827936,9.277555678,8.292996187,8.354398879,7.771892767,10.05493519,10.82668402,10.58841312,10.41505761,8.086553725,7.046217375,8.190777097,10.43149813,12.19230775,11.87847333,11.09006108,9.876081028,5.552717732,7.659455112,7.210307972,11.42622939,11.29522876,9.62621255,9.944760287,7.283265299,14.52825674,10.55065402,13.60075657,9.356083788,7.423294074,9.263451789,5.604570172,9.026741477,7.551046782,11.81895515,6.709992729,12.83908672,8.739655381,8.608043954,6.364613785,10.20059068,13.15257852,10.32633495,9.176751845,6.79725833,9.484373036,7.61168332,8.792456194,10.03372747,6.253170538,7.141366586,11.85293827,14.2269605,10.46539219,11.20747151,10.53687263,7.631160893,7.852522585,8.456024751,9.347174325,8.670570141,11.33414772,12.8667753,6.74996442,7.173602413,7.96580668,10.64458879,8.519417594,12.11499835,12.23970032,12.07959693,7.52655608,9.857241282,8.524030765,6.528565323,10.48282602,9.35063255,7.583203013,7.965353828,9.929340093,10.61895333,12.46644935,8.111474399,10.61707618,14.92990759,15.21031062,9.083435088,7.187036739,8.664465017,13.242523,7.656759898,9.202149497,9.421156408,6.544423921,12.40966431,10.11497572,7.590400773,10.96758221,9.257425847,9.342553837,7.80258139,11.64071827,11.43258166,8.014273665,7.600722167,7.557059767,7.116202859,10.02903853,12.28950867,8.789642759,12.60881437,15.35855067,9.638273656,7.610062388,11.49578583,13.29721008,10.52315118,8.056129467,9.360265434,8.853315244,9.662944645,8.054060513,11.35484498,9.477492924,9.695790643,8.676244089,9.36320165,10.37955796,7.224200801,8.169470312
Infec 24,24,2,7.065794752,9.171466738,9.0779853,7.238126492,11.96506482,12.14335771,8.429288848,7.930809134,7.214347046,12.78576947,11.7471159,10.73023371,10.59425332,10.20840295,10.00346301,11.57294432,13.71216965,12.04247473,9.584637705,6.584220825,9.613087114,9.63037824,10.72583118,10.95779057,10.52444098,10.97256009,7.174741811,8.805533746,10.12404366,10.60064661,10.92408853,9.169603537,8.963799935,9.087474261,8.402079013,8.3125135,7.751005301,9.984349324,10.6629608,10.64967592,10.46176027,7.526788206,7.470384526,8.633081028,9.597706152,11.92514784,11.72691446,10.86107621,9.753629645,6.367335858,7.84572978,7.140939785,11.4758497,10.87952548,9.358459023,9.894927726,7.989521984,14.33771361,10.83315371,13.93283997,9.043786185,7.575853074,9.343861458,6.084391093,8.928451895,7.529759423,11.06635484,7.244711011,12.35732234,8.992634066,8.895893853,7.397821983,10.28584649,12.74437123,10.49654841,9.36848315,6.798052744,9.23925092,6.220657932,8.538549231,10.15609914,6.412500402,7.622341851,11.62039965,14.21016552,9.979194367,10.96379528,10.6307098,8.118131059,7.14573431,8.719085733,9.515811584,8.930686429,10.75967926,12.03099955,7.255084487,7.573813833,8.547347031,10.0588272,8.484729251,12.00066767,12.40757445,11.96427847,7.868775108,9.829782888,8.243804197,5.915543127,10.01930527,9.755862265,8.170368387,8.196779007,9.729416894,10.80569084,12.3084987,8.358632173,10.66685833,14.90317213,15.01559477,9.16006715,7.663692646,8.758341642,13.19655839,7.95024457,8.877067814,9.092024124,6.313413619,12.4904807,10.09842521,7.498222948,10.67371229,9.256004154,8.808248722,7.55576878,11.8006841,11.76307422,8.524020555,6.901939164,7.02181099,7.369400569,9.278504782,12.17792131,8.588465495,13.00049383,14.95402283,9.280464596,7.805508277,11.33523336,12.93104046,10.15268442,7.748337906,9.633458946,8.818960537,9.695237793,8.068509522,11.1427371,9.918051746,9.753649757,8.269423278,9.520423911,10.2370003,7.904781588,6.834423776
Infec 26,26,2,7.131542502,8.50219946,9.250295653,7.449724486,10.91370046,11.53698762,8.200658656,7.061620401,7.834761055,12.86493897,11.63125528,11.54461263,10.76445878,9.672558999,10.35922465,11.2431523,14.13043029,10.98479539,9.451611656,6.991441221,9.560354147,9.394174146,10.79366757,10.87356936,9.637375135,10.64693339,6.807553364,8.215904513,10.42800934,11.18024939,11.49501007,8.649801811,9.408732748,9.1826556,7.838523077,7.622486957,7.938102376,9.698855004,10.78082077,10.64854811,10.10427204,8.296608797,7.603102576,8.327144425,9.381972766,11.36981002,10.88317611,10.62037764,10.37428576,5.353221102,8.572084232,7.511526925,11.39213961,10.84156256,9.454963272,9.858235846,7.923056311,15.25522506,10.64174039,14.06149805,9.302540505,7.613661646,9.543993468,4.893402509,8.501217612,7.988781131,13.72732336,6.11019418,12.04971123,8.923635502,8.84944675,7.385680235,11.06884213,13.58182592,11.47584056,8.49798543,7.700294742,8.627707431,7.414653603,8.119322305,10.45091003,5.716567179,7.265340663,11.66834059,14.38132514,10.2634551,10.3539491,9.295613693,7.79408666,7.855988293,8.695093809,9.649391084,9.317000417,10.64518653,12.0668965,6.888838377,7.728162406,8.478333527,10.98975185,9.577891228,10.76336595,11.59508924,12.91054652,7.799630408,9.576009482,8.339382645,6.185418863,10.8656209,9.843461024,8.523910983,7.999778917,9.274323136,10.40412666,11.5322577,8.445778528,9.480266214,15.25538231,15.54691643,9.28466823,7.679986098,8.419263347,12.88619147,7.411414646,8.987911418,8.66594284,7.454533136,11.08126438,10.22846652,7.928150027,10.63306326,8.726750908,8.724477802,8.089340592,11.49825773,12.10233561,8.277328106,7.474441537,8.041523426,6.201372582,11.039919,12.04797368,8.870214248,13.37500482,15.07972504,8.499301987,7.384282926,11.29749475,12.50813416,10.4947562,7.874224642,9.596906392,8.973656998,10.04251422,8.224876588,11.26455143,10.44036083,10.13579914,8.386340184,9.413885378,10.75726025,7.745663665,8.132190684
Infec 28,28,2,7.35428601,8.406926995,9.630976764,7.775863868,11.34297128,11.35643314,8.22370439,6.755236803,6.878230582,12.57516911,11.96137169,11.85535132,11.1953724,9.505494079,10.30771113,11.31295027,14.39112354,11.44689541,9.723621052,6.537332991,9.428877371,9.101226361,10.56175883,10.66219686,9.762370611,10.76730583,6.670221781,7.646392619,10.326636,11.32707378,11.29396485,9.078541052,9.463916983,8.597502269,8.19224659,7.598102659,8.113376908,8.798364992,11.01488331,9.783576557,10.15563611,7.794061291,7.283717614,7.876484875,9.45921235,11.52713803,10.71841707,10.41040166,10.34133983,6.423281231,8.116277814,7.319101072,11.52781477,10.65923338,9.392144591,9.787905134,8.147544071,15.31428211,10.49687149,14.18054417,9.801294907,7.210336926,9.563328355,6.250069646,8.634693557,7.756701857,13.2174769,6.900707408,12.00277454,9.135194278,8.836862304,7.283328904,10.93705137,13.30789805,11.5425496,9.575726918,6.750077936,8.718833624,7.38344523,8.044134624,10.11998146,6.561238984,7.16508189,11.85254081,14.2018274,10.64193926,11.03739954,9.620327034,6.69556446,7.546130578,8.562483318,9.452432226,9.128517024,11.24171349,11.66746188,7.472248114,8.046199083,8.636690197,10.74243006,9.421207957,10.41918321,11.4566301,12.72699955,7.552960573,9.563205282,8.667872821,5.623632046,11.72584255,9.819904018,8.378673276,8.299045411,9.068033502,10.078252,11.4050455,7.923104452,9.174925903,15.54235049,15.61289736,9.045517336,7.251729288,8.562663767,12.87714149,7.24270497,9.112115763,8.748182226,6.875741033,10.15994832,10.11474534,8.083800876,10.82887035,8.839326638,8.834286665,7.791798353,11.1387014,12.0573753,8.631451335,7.40804271,7.430344268,7.400998087,10.71562226,11.60770614,8.354113522,13.18008597,15.17925013,8.091106855,7.650665364,11.69304821,11.71540117,10.61701699,7.279679815,9.083243154,8.24658487,9.610900421,7.718499661,11.22311697,10.50239203,10.04347933,8.327596052,9.371932274,10.74734355,7.191704949,7.657022362
Infec 30,30,2,7.002123392,8.441995521,9.500742317,7.699491082,11.86375515,11.13579192,7.964823021,7.607572069,6.892050761,12.31826922,12.03066862,11.38754374,11.36524031,9.884819168,9.884027851,11.36917256,14.34841465,12.02252111,9.617512609,7.188440759,8.374296848,9.1567561,10.33098498,10.898248,9.721615859,10.80570927,7.103288743,7.864039148,10.38409749,10.86133637,11.05630981,9.260018768,9.484661884,8.723314717,8.402183652,7.86657302,7.874340099,9.153434598,11.32043004,9.424698365,10.56042089,7.884089678,7.744467288,7.831511858,9.822078212,11.36361925,10.62121029,10.04077904,10.32904418,4.070130524,7.933547439,7.177335729,11.5500633,10.6349717,9.196177096,8.940273494,8.330161324,15.15368642,10.60318621,13.84946226,9.799919305,7.532612472,9.699306805,6.601451799,8.628561775,7.925213038,12.88494532,7.505380315,11.61958825,9.402074621,7.731353333,7.434753055,10.56737312,13.41051893,11.32653979,9.995364201,7.001673346,9.559634836,7.572057402,7.774143654,10.25536062,7.376347161,7.14073395,11.97876081,14.33537551,10.37222642,11.06965318,9.983817886,7.868470089,8.184897755,9.055528023,9.38258711,9.222666575,11.17642545,11.6252887,6.645421353,8.056825688,8.430454476,10.59341778,9.404165921,10.78678428,11.84160797,12.67741855,7.241238781,9.588460747,8.396318506,6.212179663,11.51666579,9.525055984,8.755958834,8.528828415,9.388652715,10.1206161,11.49775958,8.094202294,9.264833718,15.39251567,15.41853353,9.043456163,7.944717395,8.331352208,13.14831973,7.219906863,8.87091286,8.888052331,6.903106756,10.14119209,10.10207525,8.130017559,10.75746515,7.827081625,8.827725317,7.816890491,11.46285213,12.2510157,8.843066278,5.640289606,7.504785749,6.850782628,10.13830957,12.02836258,8.76230743,13.23632293,15.12453702,8.582286619,8.131858336,11.23540783,11.3822196,10.28792089,8.088055499,8.90273675,8.418587309,9.844421538,7.034873796,11.21966318,10.42309618,9.387687848,8.432790051,9.816061186,10.70791004,7.896577568,7.817628151
Infec 32,32,2,7.530131114,8.480372144,9.747365954,7.664881582,12.30290676,11.29749677,8.067126473,7.550249981,7.611980977,12.08469503,12.25885327,11.98619625,11.31145656,9.792106737,10.04515572,11.01047518,14.31444031,12.21827493,9.491468147,6.657422009,8.991757504,8.796864772,10.73021362,10.63689903,9.300030813,10.36393869,7.616523694,7.733723042,9.485748551,11.13576029,10.48963287,9.130616077,9.428518157,7.767582437,8.039329008,8.31956428,8.137007044,8.814818503,11.09402929,9.586570725,9.662710589,7.794327184,7.680289949,7.956362746,9.523470084,11.04083834,10.66897088,10.32058406,10.18403235,6.235088696,7.882698735,7.109480195,11.08226524,10.42272166,9.229823033,9.915938501,8.165608424,14.9725697,9.917527527,13.47680372,9.983333254,7.820026709,9.919058009,7.016160505,8.477009109,7.025406596,13.53706556,7.138195836,11.72318103,9.354116739,8.802763383,7.80000717,10.8545186,13.46437747,11.31491617,10.10513189,6.195054264,9.311829767,7.698714241,8.231768669,9.871486417,7.059182414,7.558703652,11.76579848,14.64863307,10.21411578,11.224425,9.651477133,7.169578509,7.981220449,8.634754459,8.87212958,8.804829289,11.49133194,11.28066113,7.005602349,7.855427246,8.32788457,9.611405636,9.465193978,10.66026702,11.39379259,12.38907367,7.971720334,9.627205434,8.331681184,7.008798447,11.58779975,9.225452166,8.30014158,8.276734572,9.070918999,10.12984382,11.39760661,8.392188861,9.682906603,15.0460105,15.38209708,8.657108685,7.941762512,8.330111118,13.45324988,7.10574977,9.232854349,8.613934733,7.192004919,10.39642718,9.748237455,7.624379493,10.65910148,8.795402454,8.878647433,7.932305996,10.69944653,11.91996498,8.561996276,7.030744705,7.755792755,6.854832776,10.84074996,11.56710119,8.404756611,13.30127996,14.6907677,8.018279025,8.073840273,11.46043539,11.56245892,10.50227266,7.870041051,8.678053766,8.585333355,9.439625985,7.463820481,10.78394163,10.18037669,9.994486335,8.07765577,9.475815764,10.78968002,8.122806696,7.834036163
Infec 34,34,2,7.29943524,8.273584593,9.64258237,6.205079413,12.37741525,10.86699544,8.923943894,7.530239683,7.320445731,12.23473172,12.39742686,12.12215584,11.48413425,9.980531186,10.07897203,11.41453064,14.33186905,12.38013791,9.346898,4.839362207,9.059803946,8.313857718,10.41232247,10.48926013,9.527081918,10.72676615,6.587050452,7.537386675,9.742973113,10.81917398,10.71548815,8.808187798,9.272619694,8.190310283,8.294130477,7.842647906,7.747150219,8.705485703,10.69211497,9.446898178,10.00649467,7.840992942,7.47893106,7.671076894,9.203624967,11.17172992,10.56645206,10.17701255,10.14711467,5.900832129,7.624390639,7.205588474,11.31181677,10.31134143,9.362849796,9.617652989,8.176149773,14.74659364,10.16406702,13.99899868,9.978026056,7.691659126,9.491868415,3.848328451,8.535448517,7.452511378,13.03249768,6.279656787,11.77100573,8.940027402,8.800582258,7.867196559,10.85345831,13.2929892,11.49923786,10.33083767,7.352739656,9.610704675,7.500663419,8.117118429,10.13125677,6.876578172,7.227154912,11.87364983,14.59973302,10.04559637,10.77398669,9.966882495,6.326559648,7.725352044,8.799278794,8.860070159,9.102048359,11.54079029,11.60067341,7.070822945,7.604298507,8.107763551,9.584562511,8.517701688,10.64065741,11.58067592,12.05088791,7.768508923,9.396257052,8.525933093,6.568259965,11.25206131,9.418894685,8.381565469,8.295893608,8.694539715,10.26774305,11.58352903,7.974396521,9.29764079,15.31083277,15.49772822,8.958998056,7.523411049,8.35077889,13.35201511,6.949893926,8.831212065,8.628285433,6.43536085,9.789949249,10.01938309,8.209876363,10.84054566,8.758605986,9.107227719,7.839270153,11.14606564,12.59424162,8.642249148,6.706100066,7.794721967,7.143826168,10.22123768,11.71555321,8.470372478,13.14928493,15.01853285,7.530869593,8.211632269,11.72646241,11.68494817,10.3252495,7.128696526,9.013070098,8.575097845,9.140313123,6.849828932,11.02030431,10.3966778,9.955818229,8.249740015,9.606166794,10.68462116,7.847145227,7.400997366
Infec 36,36,2,7.600790132,8.696887326,9.664807396,7.827440367,12.34045402,11.58057069,9.462613865,7.244874652,7.777749934,12.47406984,12.30403676,11.81844065,11.74397787,9.988388943,9.904262025,11.52796247,14.07941371,12.45546564,9.316188021,7.367003156,9.536419014,8.858348448,10.12469355,10.71546657,9.54582272,10.65401589,7.216631835,7.71402285,9.886976129,10.76697239,10.49512894,9.220057003,8.95947014,8.245881427,8.374880303,8.336553218,8.305308037,9.465346947,10.91558771,9.497744944,10.35152138,7.68809928,7.641702039,8.290285545,9.229345081,11.09348649,10.20162109,10.36685447,9.809304034,5.673530097,8.334695199,6.949263145,11.69327158,10.72078305,9.428427573,9.878615493,7.767332681,14.8126364,10.5146448,14.01616881,9.70185579,7.645539229,9.574285585,5.944144988,8.815309068,8.297979274,12.56929174,6.646296615,12.15086053,8.974867828,8.695785146,8.014485611,10.52568299,13.04577138,11.5401943,10.1930534,7.248761121,9.611441751,7.6365206,8.134036608,9.820561134,6.165433325,7.008240335,11.57770594,14.57647802,10.10616342,10.787858,10.05133493,7.617049295,7.830666745,8.725636769,9.135905574,8.928373199,11.2583383,11.34450255,7.041057974,7.71123401,8.159077735,9.117958659,8.005565987,11.25045193,11.70174091,12.12116182,7.622228112,9.675948028,8.352837929,6.817179543,11.059643,9.835713331,8.190492672,8.590589653,9.148767531,10.77124385,11.67071808,8.300507832,9.572076842,14.67903947,15.56935965,9.402411615,8.038467749,8.633595367,13.30304168,7.437113353,9.031570548,8.826591893,7.030329877,10.40134617,10.09179388,7.314004305,10.86067436,9.353249967,8.518487019,7.439087575,11.44393567,12.42019818,8.748229974,6.90524009,7.529342081,7.190558658,9.772131515,11.96654001,8.400598649,12.75421307,14.93603708,8.31954337,8.034964023,11.175392,12.09322286,10.5413824,7.80918111,8.903571371,9.15163548,9.374726799,7.829715612,10.77841381,10.21652663,9.544461586,8.513591706,9.510125183,11.04818521,7.975760897,8.034937288
Infec 38,38,2,7.993756849,8.434243733,9.521317729,7.401890262,12.76881595,11.36764045,8.69905702,7.872974299,7.841884793,12.26092216,12.16350725,11.8122002,11.37204307,9.178605602,10.12902865,11.13165865,14.41260288,12.44769827,9.280844287,6.637497727,8.97499829,9.102019864,10.2706594,10.67244615,9.404199995,10.34387324,7.274217799,7.840301251,9.880192137,10.68443389,10.64521707,9.104882831,9.244849942,7.944984821,8.669250033,7.93437491,8.20740519,9.082816706,11.00037695,9.311355093,10.19583698,8.178000319,7.238211816,8.049324554,8.930067929,11.47453931,10.58650053,10.54870566,10.02738452,7.222002972,7.83159417,7.336886304,11.15975867,10.30216511,9.806957778,9.633007971,8.034255985,14.82003973,10.09556319,13.92867755,9.962049903,7.327593543,9.564527552,6.10272671,9.094482012,8.264969474,13.33193859,7.409067608,12.03721196,9.634413448,8.705247514,8.550567089,10.91008352,13.53148141,11.20211673,10.50917999,7.253543366,9.308949767,6.157015188,7.961880806,9.956710552,7.478309042,7.588026789,11.79817287,14.83458633,10.37703286,11.54466741,10.20077971,7.860582805,8.034288506,8.095140275,8.823971488,8.853932257,11.65676342,11.17448811,7.144381747,7.602335713,8.256674136,8.841298085,8.527542656,10.59345005,11.15297117,12.18659435,8.035562316,9.777076372,8.755675933,6.732231071,11.76459508,9.600887363,7.264087232,8.624181634,9.12384891,10.06009178,11.62152775,7.941414708,9.592366278,14.8414545,15.47721587,8.446223793,8.257972914,8.632209026,13.31337807,7.07847677,8.751267637,8.386170168,7.419999508,10.09760319,9.611266933,6.179086346,10.98083967,9.110986775,9.157417879,7.53670101,10.84354269,12.32459054,8.549283203,7.379362633,8.042346362,7.429596641,9.985080767,12.01250364,8.576344037,13.0587572,14.98233987,8.027382397,8.078060349,12.45220509,11.83019153,10.46946241,7.622971208,8.420203721,8.704428849,9.112541631,7.811283019,11.06834936,9.907302644,9.491090363,8.24468615,9.227600629,10.90727435,8.396678665,7.637118032
Infec 40,40,2,7.428271772,8.59241978,9.8300078,7.681226063,12.72422367,11.41151371,9.235063256,7.436845856,7.268017734,12.31915119,12.19223323,11.97897103,11.47680276,9.673212704,10.10620186,11.17021764,14.15643013,12.69066846,9.346655862,6.236728371,8.936932051,8.822145132,10.16866808,10.46579029,9.416688091,10.68178853,6.13463054,7.756993271,9.878437364,10.5303164,10.27428669,8.719141626,9.104131557,7.979246997,8.521377682,8.190594038,8.185384013,9.232459579,10.73874498,9.398161247,9.939531062,7.915498757,7.852473128,8.099999803,8.903424088,11.22596847,10.52152281,10.52464574,10.11353852,6.311527265,8.002257367,6.569410954,11.39089107,10.46193465,9.678693744,9.537745573,7.790112921,14.58886979,10.27468071,14.09147362,9.94403248,7.409950845,9.724041809,4.602908379,8.561465256,8.418660117,12.91623306,6.77647582,12.02580861,9.473207932,8.348981818,7.891312901,10.81508628,13.45843129,11.60064767,10.79486549,7.065610013,9.617804946,7.082541619,8.016663115,9.955606519,6.390924657,7.22940493,11.5899707,14.69034346,10.34154685,11.13130671,10.35490881,7.589519862,7.787549685,8.266807291,9.001237497,8.816221036,11.64544294,10.94079134,6.93664722,7.792909058,8.11583063,9.143972634,8.018520428,10.86012795,11.60111014,11.88656106,7.903269142,9.663165585,8.684314654,6.536314116,11.56935084,9.379253919,8.144922855,8.844857738,8.859160693,10.18843159,11.57835221,7.985064773,9.624628201,14.82371504,15.67513487,9.222477079,7.80949833,8.544967036,13.3328182,7.351485824,8.886730625,8.333269072,6.640306887,10.45872315,9.705442089,7.899537053,11.04120019,9.075804041,8.46651139,7.421017557,11.01869702,12.21795712,8.348488063,5.471596354,7.627742055,7.166887895,9.87013568,11.90461634,8.214695996,12.65418323,15.11209973,7.883987873,8.153508632,12.39526396,11.65083291,10.50339964,7.596323043,8.718617656,8.460761501,9.053781901,7.789044783,11.0496032,10.34653257,9.544560567,8.136872388,9.147494081,10.97947291,8.463812763,7.990502287
Infec 42,42,2,7.522151678,8.602774619,10.04062919,7.55494901,12.32511324,11.229091,9.599823594,7.675925413,7.596817553,12.26746062,12.04259309,11.7222849,11.36507551,9.698078473,10.22362784,11.28826598,14.1047967,12.39958888,9.476887311,6.152395335,8.914085324,7.962500314,10.31086628,10.180298,9.292166612,10.05682109,6.723633,7.718740279,9.179802187,10.52375546,9.602909158,8.789388019,8.631954106,7.672433431,8.245162955,7.524732282,8.462707471,8.975960705,10.59770895,9.158885247,9.673295129,7.94501416,7.462136654,7.964694486,7.755618112,10.90738085,10.40263403,10.67729016,9.796908096,6.280156608,7.890114458,7.147290051,11.21379848,10.35308769,9.43434952,9.947228633,8.057793355,14.67601876,9.903843754,14.13883032,9.825714966,7.712771103,9.705092379,6.370266374,8.314294484,8.633760842,13.21901146,6.12131027,11.95416563,9.32637086,8.794492285,7.563183025,11.03114782,13.65254033,11.43600741,10.22449672,6.969947783,8.965366519,7.168972278,8.130385852,9.710752351,6.53999488,6.603958795,11.51076852,14.57879007,10.32945271,11.12477866,9.868350132,7.395262333,7.934148545,8.375748579,8.715622336,8.5133446,11.45539716,10.21238962,7.617621215,7.965940087,8.099255001,8.984788737,7.908159856,10.61070735,11.46319482,11.8741476,8.261156613,9.73448567,9.123313445,6.271413701,10.93678801,9.101049834,8.022929055,9.019298541,8.823764079,10.30115907,11.52172913,8.236419459,9.446820038,14.50252786,15.58287197,9.194012959,7.896180229,8.11125567,13.16517517,6.004689796,8.689011406,8.344674082,7.010443529,10.47851493,9.614119605,7.880186804,10.7356464,8.901621741,9.094505871,7.366354516,10.80244254,11.8373961,8.58225512,6.562553489,7.830625953,7.113501828,10.18938035,11.7965379,7.985795194,12.6613427,14.90268182,7.836892645,7.017565171,12.26813319,11.78015259,10.89695599,8.090397203,8.248152208,8.400159394,8.727831231,7.420298056,10.98193674,10.26896937,9.63609211,8.406367421,8.855306192,11.23772445,8.486526976,7.798529719
Infec 44,44,2,7.007392782,8.475512546,9.215386162,7.98272057,12.54564097,10.90809936,8.780899517,7.564855414,7.903333871,12.2905175,11.72218963,10.80383878,11.40475937,10.43949345,10.03858106,10.26992961,14.31737079,12.6414265,9.250863167,7.047492901,8.53523361,8.80736219,10.41961886,10.37687418,9.39971297,10.57208365,6.768537927,8.198855999,9.440078763,10.75279508,10.45090937,8.699687849,9.211846268,8.549718764,8.313031452,8.409170995,8.103291339,9.383818563,10.89702312,10.12949215,10.08108049,7.588753915,8.115113326,8.279420113,8.959223924,11.37621086,10.43405627,10.39374442,9.873934965,7.059006427,7.854081449,7.342691001,11.19280931,10.61123099,9.337073678,9.21941694,7.324060474,14.83361574,10.17640854,13.91954057,9.135741585,7.458015652,9.471918405,6.095089195,7.618903033,8.494237459,12.03178216,7.175722367,11.6967449,9.259452893,8.670684583,8.242087311,10.49999925,12.76603562,10.55818745,10.60530918,7.155403112,9.434756786,7.362955245,8.184395128,9.81872827,6.901468621,7.622410963,11.31358219,14.75540332,9.57675571,11.0104361,10.35589208,7.755980048,7.44984261,8.57868088,9.101155671,8.521544592,11.13726031,11.03956665,7.098047141,8.065325345,8.627962276,9.053808575,7.585642916,10.76207684,11.2799998,11.69998392,7.788336291,9.501703482,8.633679062,7.207964669,10.51464002,9.003961493,9.160903656,9.142554503,8.385419584,10.14117719,11.56299395,8.585329603,9.07217588,14.70821853,15.29164351,8.914351481,7.691295943,7.969576123,13.30116632,6.988986263,8.386083264,8.445478526,7.024734295,9.952604484,9.725890432,7.548380598,10.22500648,9.089177803,9.234166187,7.806315026,10.95316115,11.67140766,8.227084986,7.707596379,7.080686187,7.377343114,9.470961954,11.58307912,7.714886572,12.49479436,14.93222226,7.62407727,8.198250256,12.21270049,12.13402573,10.47575697,7.687877528,8.610397713,8.596519831,8.706377304,7.519861577,10.93982308,10.35254915,9.704121487,8.50816499,9.499817356,10.453835,7.82426096,8.127895794
Infec 46,46,2,7.552424569,8.366971727,9.796701278,7.574250044,12.09311444,11.0073187,9.12523803,7.602885891,7.390458032,12.31689861,11.83494757,11.6444924,11.03946135,9.967952024,10.2724681,11.18844993,14.23860724,11.8839716,9.474777183,6.47340483,8.722270817,8.901097653,10.06241646,10.32600642,9.038569016,10.28204041,7.110012858,8.432075074,9.594703279,10.51217204,10.10982406,8.83302338,9.181053636,7.559142792,8.225332938,7.957847515,8.137877298,8.697063129,10.43492027,9.880319882,9.839630636,7.852040705,8.116397936,7.822348208,8.006154032,10.97367872,10.23854113,10.78908239,9.838916039,5.605169657,8.257466298,6.733238296,10.88098438,10.60005389,9.573551048,9.693671277,7.466770879,14.74144431,9.840801946,14.28640632,9.370827603,7.69816817,9.481528838,5.245830567,8.787610299,8.462138999,13.15981281,7.277843083,12.03267858,9.279777375,8.991906367,7.915949028,10.96887674,13.89638398,11.21467648,10.20321789,7.637855637,9.020997363,6.995125891,8.077246876,9.849200185,6.889208231,7.177866111,11.59750562,14.42393659,10.17997055,10.63128747,9.745205772,7.69708492,7.977814488,8.445200604,8.777301959,8.318314997,11.31396433,11.15944685,7.898706402,7.972680287,7.823363877,9.22045787,8.104339367,10.69563141,11.16505435,11.81125061,8.139339502,9.545726389,9.074380943,7.509110001,10.81292197,9.375125489,8.550012715,9.087148938,8.709146294,10.09115044,11.40605317,7.471277985,9.298694698,14.76675618,15.5564983,9.041841828,7.399815752,8.048315399,13.14658936,6.775042815,8.344761633,8.343770237,7.306505768,10.29183817,9.63816985,7.833834226,10.56426472,8.897649645,8.607446688,6.786369161,11.02455812,11.70876687,8.381813194,5.985109923,7.86235417,7.478165684,10.40162933,12.09620695,8.277586088,12.30399657,14.87575907,5.843399243,7.328557206,12.59530384,11.67004727,10.64689691,7.827648207,8.749538191,8.530563894,8.788520442,7.678834528,10.90366565,10.21335287,9.54431479,8.516567691,8.893501365,11.22185531,8.299559708,7.982937726
Infec 48,48,2,7.676403395,8.063938558,9.215676658,8.131352059,12.02560273,11.27143378,9.083283117,7.752346661,7.795745565,11.98104112,11.6269326,11.47994037,10.52353998,9.710831196,10.29846412,10.93214692,13.84122049,12.07100121,9.451557838,6.749403166,8.63547058,8.387186118,10.44040351,10.12068985,9.107317335,10.42712833,7.367296018,7.389601774,9.611761909,10.61682299,9.808933037,8.876379776,8.981697733,8.372544295,7.750695734,7.515281216,8.195826282,9.001257298,10.02666529,9.506127799,9.900234224,7.361180001,8.038498869,6.694911456,8.545472178,11.01422918,10.30256258,10.96446336,9.787037949,6.58721389,7.620017602,6.13302654,11.05356818,10.46783022,9.053813892,9.58862099,7.341174465,14.64489215,9.523294706,14.15580496,9.321025648,7.78782165,9.636563358,6.589866454,8.199173903,8.383203755,12.53298461,7.372120132,12.36726171,9.23946063,8.92140668,7.74730726,11.00045452,13.60300963,10.83181134,10.34866709,6.556084073,8.676690505,7.497769614,8.17075906,9.848239137,6.991409219,5.486231428,11.53540469,14.51769918,9.716169703,11.32392273,9.911674655,7.521689189,7.761060933,8.490717777,8.671769717,8.140117896,11.33043776,11.21787436,6.96228687,6.852351055,7.461233711,9.12894288,7.417991779,10.68709591,11.18290229,11.71541713,7.655922098,9.736479285,9.300876075,6.654562501,10.49659987,8.486040954,8.439721606,9.347975932,9.008564575,10.05863804,11.71557641,7.634361027,9.614207351,14.61070603,15.52357101,8.712538928,6.901301179,7.831571984,12.96530991,6.952722198,8.703550596,8.34329005,7.270267256,11.25121304,9.619908227,7.820148005,10.45959369,8.53619426,8.936770532,6.566837837,10.83198512,11.34686209,8.363969827,6.805535563,7.403780437,7.092714225,10.01771287,12.09445193,8.106484606,12.45542501,14.96315231,7.60961225,7.498098996,12.92541857,12.34235087,10.87521218,8.528475063,8.777236004,8.05987846,8.757748305,7.241632886,10.770494,10.22873095,9.721192096,7.7234058,8.823020666,10.94346608,8.131992697,7.595266802