11.3309477040507,1.36339814002374,1
5.39761261300102,-1.64436803015204,1
9.08959380806111,-0.129273332751158,1
9.11060842965626,-1.86314881064988,1
5.25407123410784,-2.27829444084277,1
6.336777902734,0.00296821648932213,1
9.94226096404423,1.00257401352221,1
9.39118531976984,0.477547780969597,1
8.77938840379652,1.53189741693873,1
7.37997126358296,-0.65008758824546,1
4.01704402828628,-0.685569973552259,1
6.49866131215611,1.91562567162588,1
7.62088246554741,-1.20423300942541,1
9.58457672069568,2.43916236363057,1
8.53806303184797,-0.687499109030538,1
4.84386518708352,-1.80453418554093,1
6.58082670705616,-0.175396606727684,1
3.48407454491707,-3.86569764975644,1
7.66110454091813,0.0720768973187726,1
8.08414472560296,-2.51103104063093,1
9.40566319822843,1.41830877220853,1
6.03885602325693,-0.10952682575552,1
6.04912114595115,-2.95752607767525,1
6.87903864631886,-3.64663963466562,1
7.06187656192662,2.34907204955799,1
4.36952234257268,-1.77367302752689,1
5.951594442385,2.38088549069086,1
7.67635484381473,-1.34656378197713,1
10.3121770793752,-1.11421091170273,1
5.05383819000666,2.51235977149265,1
9.43182294741695,-2.21233456319063,1
4.91696282460369,1.99245439744565,1
7.68259384679706,2.81570694452574,1
5.36494434054808,-3.07764018939129,1
9.47428963947104,-2.25637441730475,1
7.6791396882655,-0.641324009947092,1
6.13255970711406,-0.0441466261540666,1
9.14573358483259,2.25654790973569,1
4.63666955128361,2.02923591308536,1
10.1831476597507,3.62862922185001,1
3.38124863888595,-0.436826140997248,1
8.69518369593305,-3.09322258313371,1
9.78753254720179,-1.62135426374601,1
9.43639123154234,-1.13222669635702,1
2.59640955185024,-1.68501701043514,1
7.77036133071218,2.48557640445345,1
5.59587100210235,-3.91192611777072,1
8.57543872651882,-2.22700851229787,1
2.65189000956469,1.16439020439436,1
7.09865345315036,2.1427387809358,1
5.87262606020141,0.929728469033489,1
8.08240356352917,-1.36806439953763,1
7.81038822804607,-0.727272387373049,1
7.25930179490033,0.38731019586666,1
4.95401655260797,0.676033368001542,1
5.8011968313054,2.90457082754975,1
11.8754689005618,-1.76856003394375,1
7.25944250337161,-1.81227096383641,1
9.54942715973762,-0.551048472754645,1
10.0994370138091,-1.82971736949224,1
9.00464073312503,2.02129799994476,1
9.28123404055094,-2.2683158837147,1
4.26204483510515,2.34341574573019,1
8.11904745612566,-0.479565291933894,1
6.83162873001188,0.775552149736121,1
7.75149061296299,-1.13878107449465,1
6.61069689992533,-0.436081840457707,1
7.60816408435469,0.577959138367764,1
7.25084198466396,1.48453110258967,1
4.01254370909906,0.430986512180395,1
5.14530999487043,1.6846724446899,1
6.60877109219432,-2.29782156219609,1
5.2575490939949,-0.882510973868465,1
8.41908812043541,1.04836385852318,1
9.06368469558282,-1.39965836911483,1
9.76256642883212,-2.34108326350219,1
5.25717165217778,-3.03323776182881,1
8.99331979683413,-1.78176446759581,1
8.84964686243571,3.25466763096055,1
9.41777783262767,-3.81582975589712,1
8.76969700692265,1.78489278639334,1
6.89844271088668,1.96053313808321,1
7.75776298554525,-6.20133259970355,1
5.38396036285598,-1.00608480784844,1
7.4099668942186,1.81049524764857,1
2.95386777705728,0.605329954425131,1
8.50621742116141,0.15214151587832,1
5.46835908114796,-0.860326042217241,1
11.3003302816757,-2.1549570148442,1
9.15670057728479,1.38291786206589,1
5.82537591229292,3.23462536492283,1
6.76922409226854,2.65419908447383,1
6.79250275623246,-0.0945032049075351,1
8.82961175136322,0.551059269197211,1
7.01993113561559,0.667142284668974,1
8.38894207002476,-1.75369387128657,1
9.35519887429482,0.0129628885669157,1
4.61556764672488,1.78007550657954,1
10.6508618237033,0.550319718610778,1
7.14442027152489,2.96129275900921,1
3.61381804131926,1.0068531501164,1
9.97583531940371,-1.87962345774146,1
6.28890180775979,0.224733339638178,1
9.31961797135362,2.11533670547417,1
10.3982891604159,1.74487444036311,1
7.65616605092017,1.84880725163165,1
7.34527551854054,7.39697086479921,1
6.6526697191072,-0.557954987417121,1
9.06490892612128,-0.687405291551079,1
8.76369190393663,-0.365987600220462,1
6.48295856178231,-0.922187873556611,1
6.21995010119507,-1.7172902983143,1
4.39264608522718,-1.77331721969028,1
8.95896309015675,0.125630237933589,1
5.41691831819803,-2.72468694880587,1
9.55238300433605,-0.237496400660778,1
6.86535156369228,-2.54112057614793,1
3.48580143748344,1.91384138499112,1
6.90553474145217,0.606985906041122,1
5.26719727602133,0.433615945476844,1
6.65297752742812,1.50741234596802,1
9.40961044292552,0.390619341652696,1
7.49955326606532,-0.921563449175724,1
8.54164748440188,0.0523765890480499,1
6.52131292347377,1.26545439493955,1
7.14981057786795,-1.95234581868162,1
9.23025536748112,2.48446079430342,1
8.24650865287671,-0.724196123574038,1
7.11052400511252,-1.00682377568842,1
5.57038869694951,-0.70797298985769,1
4.40224507165309,-0.349341823086543,1
6.10399094842963,1.31905244774348,1
8.60239489281042,-1.73132349860457,1
7.01581972947932,0.885121474147816,1
9.20546221216055,-0.33093830695345,1
5.31679580999791,-2.89813534978271,1
8.01856238504646,2.62655965183095,1
9.79209396243303,-3.03732973929148,1
8.31195343949579,-1.74133501434304,1
8.77295689058113,1.68396442159551,1
7.94139864110535,-2.84191554959159,1
5.35733610014771,-0.102207013432846,1
5.71075327481283,2.95244932726962,1
7.48114607480255,-3.76915211472722,1
6.45450071351734,1.75704139560198,1
8.57283408072056,1.9433499273851,1
5.99247061778026,0.336783254339757,1
3.40783127276971,-0.256442170706185,1
9.39692719813459,-1.88317278801298,1
8.54109380395279,1.29915501272235,1
4.66916957460729,-4.47244279081746,1
7.62215739458353,2.66838128801622,1
7.37872675836348,1.15524777258001,1
9.12056518294502,-0.101510399547089,1
5.061911405245,1.50509438188775,1
6.29251279256598,1.14999490021736,1
4.15756323246598,3.15829862804809,1
6.1705585964571,-2.46449356506492,1
3.24714773067915,2.79706840462878,1
9.89572745185357,0.547758842879387,1
5.94075128040757,2.92508493615481,1
8.81143784952529,0.0999302319815822,1
9.29698974839093,0.585489065626856,1
5.19822594343546,0.891330710591908,1
7.73444973709236,-1.23229891616156,1
8.97535440587869,1.47023865720525,1
1.40575481290489,-0.600834355270909,1
8.47280560847048,-2.69522247424062,1
7.01021063423748,2.45524742152744,1
8.42516222362184,-1.32244709488806,1
5.92987212217109,0.470538337470048,1
9.62958587599628,-3.72967589607331,1
4.01675992628494,-0.165368965472832,1
10.0607844098314,2.82237407324042,1
7.36324849400946,-1.30249400267366,1
6.20598164452996,-2.71567415059563,1
7.61206073139658,-3.87813088192611,1
6.36535055718515,3.11125300992193,1
7.86264378059375,-1.22176789762947,1
9.22378874360018,-3.13382125801365,1
5.99411345205249,-2.24748554298526,1
4.73820824168741,0.641410628296642,1
6.05170686919268,1.12368038404114,1
8.32842883506877,1.30618713647086,1
3.68650100555388,-0.932503579219259,1
6.61624449252819,0.450137686235475,1
6.30966511775982,1.09609645065979,1
4.44737469839128,0.603737736635118,1
3.72505048902428,1.2066884327932,1
6.74560189337704,2.45960873883874,1
5.55692894913192,-0.999191768514701,1
8.17109359012796,4.66917485952559,1
10.5389339981782,0.927865351756611,1
3.84421335864416,3.30417988246518,1
7.06662688861099,-0.142550469612152,1
6.28651468247573,-1.79950824697072,1
7.65724476231805,-0.399197541105681,1
8.44482724420005,2.70280408765935,1
7.87464425385022,1.84015642044177,1
7.86758663848837,-0.919297710640112,1
5.87907704511928,-4.49094310182717,1
9.55755515636308,-0.102131946154097,1
5.52220442337909,-0.877914303335291,1
7.31589420202566,1.42308738005838,1
9.03874345660904,-3.18530195253111,1
9.88198403389911,0.422847593704789,1
6.04388737224678,-1.88689424901785,1
5.97549725010836,-4.28808299015861,1
7.11811185634995,2.27309862497374,1
7.60422512029334,1.01192763623377,1
10.4345707801163,-1.4446596212627,1
6.05051684790419,-2.23884516787429,1
4.14755426338388,-3.10217319136699,1
6.36898276102946,-3.40299663705784,1
7.91000556404199,-1.20473786072227,1
6.31512851198654,-0.275939421410052,1
9.91865044654766,0.0173008027444915,1
10.5124162426948,-0.225922315887354,1
5.29841640633116,0.879679625469176,1
8.06436339790821,0.926634541474979,1
9.11819239659519,0.0969301882484964,1
6.37986255360823,1.4924623012167,1
5.65299926365707,5.20324047072106,1
5.05061612610684,1.4922524586777,1
7.14585785632854,0.117821355108921,1
8.99829369872193,-1.42431264115973,1
6.13652049702181,2.73746201406567,1
7.70024642382573,-2.00374405793977,1
8.08567839835725,1.16322967364264,1
8.78804794370255,1.21484316946947,1
9.96000733406299,0.203792023814208,1
6.83250817264547,-0.724283701153333,1
9.62770411331507,2.54768436509823,1
8.38921259991048,-2.25508591889822,1
6.11514648607277,0.847153131302263,1
5.52946261411046,-0.482936640623437,1
9.30866869257155,3.01434580826176,1
6.7486241725409,0.269678677971927,1
7.51111243565263,-1.36809217766178,1
6.20993352165914,1.25070824010339,1
6.6483274506214,1.51398103343728,1
4.89459589808983,1.12243060617985,1
6.17328346881119,3.69552494276364,1
5.83024071863457,2.62781836805918,1
12.0854285068528,-3.08548853590121,1
5.4209889988434,2.45581388840059,1
6.99650590587667,0.713947988389058,1
2.78638507196442,0.406187325972481,1
9.34791222566364,1.0385220123055,1
9.57510388788639,2.79617932323434,1
4.93663987573094,-3.53377509280825,1
5.23623365130047,-0.0153464182518914,1
9.1312588969582,-1.75661198849624,1
8.16895249396321,2.82550456899747,1
10.5972549268279,4.28339188395635,1
7.4104908243344,2.0962671122005,1
2.58473675668333,1.20311027530579,1
4.82147970718113,1.39959373770562,1
5.74038664539848,3.12404805302126,1
7.63523300087092,-1.42712519227224,1
5.20274426281766,-0.639110993623767,1
8.85052354875085,-0.55541233946408,1
8.54399431483248,-0.934371351319831,1
9.63550832719658,-4.6850907843783,1
6.06069870368332,-3.52988158084356,1
6.36645581564384,0.94765970588641,1
6.52390092550382,-2.1353314200154,1
4.04819374196912,0.234192412582404,1
7.83582475600387,-0.205973750818081,1
12.509664257627,-3.08217721673104,1
4.97794785177934,-0.746136729958753,1
7.73246750983917,0.682523472821168,1
4.45751859977438,-1.02988938056421,1
5.25939093264545,-3.05463080514764,1
8.07349317758805,-1.80215407260093,1
8.15671212588744,2.76519888176182,1
9.63489154371254,-1.98671609029404,1
6.88462584008946,2.3528232114331,1
7.90593720940865,-0.51678144374133,1
8.56573205812233,0.746074520308632,1
4.75290967588684,-1.50122945852738,1
6.96574023897648,1.17803362787915,1
6.21238103518727,1.50202205506148,1
7.41013098600074,-0.918232203333619,1
7.82803753059911,0.765505612645393,1
5.6447040843491,1.51537262612369,1
7.9691715736715,-3.91094076232444,1
4.36848119066671,-3.29557712114565,1
9.29500599354293,1.44237239971712,1
7.93831345522534,1.15925563302682,1
9.77053608260539,1.32843584159816,1
5.61742399217193,-2.930197381755,1
12.0617514186649,-0.0514781739454844,1
6.87525505873942,-3.96127409477195,1
8.27774495356413,0.454283634489962,1
5.86372774052486,-0.412670527691901,1
6.65093514008567,3.1866784249832,1
7.18147538725004,1.21597005198557,1
7.83907913450295,1.77680872131525,1
6.4003826180599,3.25371288461598,1
5.6680346583999,0.33363593667689,1
7.51161363579655,-1.5631129642281,1
7.62434903055053,-1.77261129838868,1
5.92051490404874,0.027698074352919,1
7.68297308644417,1.61105584974444,1
7.66432630462963,-0.221787016029176,1
4.05354287069262,1.19901389623714,1
8.65814702101078,1.10534613623322,1
8.0656767969528,-0.591666989254428,1
8.39719574661303,0.495148488721776,1
6.82207878611061,-1.3646320558752,1
3.55000048697529,0.368413820853717,1
2.60544444641596,0.748108970535143,1
5.57110113405575,0.270183838541464,1
8.03821329759922,-2.43149303391231,1
6.88431537850296,0.703636385778996,1
7.59069407619725,-1.25873955202081,1
7.49444173456164,0.134386279759018,1
7.32714841082217,-0.368790417244643,1
4.73040689004801,-2.21569746419843,1
9.1132893187992,2.33820556150659,1
2.3474405102434,1.74081183244744,1
3.36084118128784,0.623842481701139,1
6.23075674225402,-5.02700859627556,1
7.6243028536431,3.86718032528481,1
6.5325942578072,2.34960567219566,1
4.77090464565651,-2.03021264795239,1
9.11293015337006,0.61966638333232,1
5.42832822369333,1.35430874729468,1
3.7578233147139,-0.0251240053470097,1
6.95182125253745,4.96356078368072,1
6.33225635062969,-0.177936757692994,1
6.08186463475639,2.93190480611454,1
7.01525000032588,-0.42651406410342,1
4.5086164412129,0.426474118569068,1
10.2122560045749,1.9888752035402,1
2.68379578270242,-4.55281697159608,1
10.0307569045005,-3.25176347165788,1
8.03751164146143,0.179035091311796,1
6.27268503034881,1.04618157438533,1
5.50127303619863,-0.782676534436139,1
6.44603499534178,3.45302090291505,1
7.42028780192188,0.41088052215819,1
7.23564826683268,-0.23957554797747,1
7.66323962894753,-1.50003137191139,1
9.23995240507527,0.341394448601235,1
5.76331583668708,-1.5845903239479,1
7.92816164226422,2.49219786117671,1
6.63948944144123,1.50547618510464,1
8.39132808329675,4.43794382653883,1
8.51565858072425,1.02333073411386,1
8.43272134747765,-3.3954179132987,1
7.64489170971193,1.50852550533712,1
3.38902886541174,-2.00124101450577,1
6.80446963392451,-2.12464983674939,1
5.88424078932657,-1.86833526976538,1
5.21836770853683,1.42112678840726,1
9.16278293696237,1.83269830683199,1
6.56693251000565,1.8558952912886,1
5.79697815264829,1.00593627382217,1
8.91713038849113,-0.672071400544348,1
7.2530003075324,-1.89712334821387,1
8.87876818301841,1.84287474038467,1
7.51460176917821,-0.0610639263514358,1
7.10464712146568,0.822581982742757,1
6.30149954965332,-1.93655787582135,1
8.98160268936573,2.07245944414098,1
8.73411745687501,0.588575912858345,1
7.72974891499184,5.58205107902221,1
7.08048187146875,-0.675651534977869,1
6.46217990084437,2.08680244333919,1
10.5865413558631,2.21171581373828,1
6.48277923763519,2.40913913329999,1
5.78577027102557,-3.08538721734475,1
9.01016263411368,2.6415827120214,1
6.38565109340479,0.0962299146904349,1
4.18352208127248,0.503222606447596,1
3.65624745650933,-2.75676068920543,1
9.68997535061097,1.9789690426617,1
11.1488303522438,0.285697100745208,1
6.78492620780775,-0.208650752738438,1
11.1345745737189,-0.666899251326911,1
6.39951953383003,-1.18120633512332,1
5.94002609289709,0.25989206708001,1
12.3719118045416,2.52633396422593,1
4.11569118595427,1.99091892704346,1
8.02412796276659,-0.439641759153811,1
9.14685354878054,2.0644907606445,1
9.78334075558887,2.77621470590165,1
4.90843867108238,-0.695676839820723,1
9.3892060736583,0.162063513520623,1
10.4070444228747,2.78213602930351,1
7.55016176665454,-0.322996556391828,1
6.33978550522947,-1.00778687082063,1
8.09818291807037,1.79959258204545,1
5.26515825591898,-0.0546543925376375,1
5.03736861858592,-0.422116594252333,1
8.66092275054703,1.40988502357723,1
5.52846339367127,0.754611658142461,1
5.03757482764077,-2.6076019655936,1
8.59147305795053,-3.09565757023537,1
5.77919271114874,-1.91147736170254,1
6.04080102439115,1.72493507616875,1
7.17085915139505,-0.367887900055641,1
3.95981132432284,0.391695963267546,1
5.17064233992382,-1.61224946086342,1
3.69846809502958,-0.24992259010185,1
8.06149327440151,-0.528028767036027,1
7.53794231333759,-0.531592758687238,1
4.72678394218194,-3.77853442057369,1
7.27039496759492,-1.0230291806411,1
4.59195868169024,2.18093744471803,1
6.25678597950066,-1.53938517544013,1
9.12699805416702,0.748012971550501,1
5.76575267543783,1.99157666490862,1
6.14991970728951,-0.847892648146998,1
7.6617750872089,-0.0250391429764527,1
8.22356841373241,1.44312248710642,1
8.21165053163409,-0.4348608028221,1
3.76825768865345,0.315979181236818,1
11.2856893206873,0.0932134104607593,1
3.39095444213124,-0.746212877810556,1
2.99130127750168,0.11525812038956,1
6.7527525374825,-0.935161108015057,1
5.00715603459796,-0.144319745285554,1
7.42269820139292,3.99361583846474,1
5.09129789678159,0.173049250476447,1
5.86912558717152,-0.892926452166495,1
4.49491045919366,-0.597606943539852,1
6.39181122318545,0.138892302146288,1
3.71182004674808,0.48799861725761,1
7.89267504044083,-2.38277585750567,1
9.33722097933198,-3.84051280950058,1
5.25251371115799,-1.41919489251784,1
4.35779777495459,-1.47997033533599,1
6.79375465239169,-3.47609764259479,1
5.53632543540064,-1.75769610545307,1
4.62410239873817,0.83881780264866,1
6.68430280405795,0.353211596618536,1
6.30387263895236,0.203345157535396,1
6.2000819585163,0.246662726038199,1
7.69816699650409,-2.0524813622135,1
10.3746543559727,2.40491112809776,1
7.62089917216334,1.47927623110597,1
7.16985074143152,-1.38769751369733,1
8.74194059803072,-1.57616120204146,1
6.074019428698,0.238223771917001,1
6.331762430022,-1.24157035412386,1
8.86021253053614,-0.261460565229038,1
9.13869377459457,0.389697931919908,1
8.066508834774,0.870251066706805,1
8.71285983515897,3.61760458659558,1
7.07531311741266,-0.132468968329624,1
9.94479810404847,-1.74262053807537,1
2.21645186665231,-1.98936279078786,1
11.0633157159712,0.0402992841401059,1
8.11887850621612,-0.204495063023636,1
5.5505096219274,2.27444025648232,1
9.06447844421275,-1.20357916226775,1
5.57410699518203,0.506063243000624,1
5.36200533154306,-1.53698812079203,1
3.88484400559793,0.163489558972934,1
8.4750333436097,-1.21211212791983,1
6.04946073907035,1.59937681604159,1
5.89610925289801,0.285884980399791,1
6.97993381656682,1.74874762094424,1
7.69905538987428,-0.761914382138907,1
7.1392738853203,-4.17430014675056,1
5.8012835150683,1.88888273449709,1
6.51854992193673,0.336187252862632,1
8.68703710434444,-2.62138783660178,1
2.96130184800227,2.13111285286785,1
7.1540787079975,1.89397374193012,1
9.78718956655576,0.796300817979366,1
4.16778666879476,-3.64240192222618,1
9.27486054617989,-4.69669951072127,1
5.87686738634513,-0.708587433361036,1
9.02604598276325,-2.98366509041595,1
7.48971176519587,-0.392481275538078,1
9.67830413833645,-0.332404089172947,1
6.31684133472251,2.64997210236209,1
8.68264953309767,1.11351382432351,1
5.48181864070211,-2.15997275331229,1
5.03960709351464,-1.60991266321605,1
6.20196348103652,-1.0086953998435,1
8.1664334121523,-1.89294771537557,1
5.48837471548427,1.81509478833074,1
10.1487419412909,1.82808956124374,1
7.46984519050012,0.292716800327316,1
5.1059731418499,-1.8690725010401,1
9.38119681772155,0.839612778998579,1
6.35604233104925,3.21122465058024,1
11.0405601105387,-1.00735976809019,1
10.729282176717,0.8514918079832,1
8.98537053257398,2.59041752232057,1
12.5599938610989,-1.37551702203752,1
5.70625808780322,1.83262650958686,1
7.42551371940478,-0.220927692230848,1
10.0329954366166,1.23320737684411,1
7.65703267819155,-0.0334869703839805,1
-0.738738936450371,2.29461536829455,2
-1.19283893110678,1.35276364643955,2
-0.881686181158626,1.26080777523741,2
0.654532575456223,-0.145527567841174,2
-0.417595748464744,2.89675444003046,2
-0.650367732274848,-0.0516132497212873,2
-0.199232197952596,-0.0346322169471036,2
-1.64602864729528,0.635387991244968,2
-0.727716009647283,3.3757680683201,2
0.932595615473994,-0.745264276249137,2
1.44986465056144,0.384583008542373,2
-0.851930135741514,0.156793734821361,2
1.38395434651298,-0.988772595080269,2
1.32888316452944,0.605152832961093,2
-0.0268317857107209,0.266727592723625,2
1.05608938539223,1.50166846335237,2
0.348374287074197,0.153910626004797,2
-0.488324598465692,1.05335605976245,2
0.326055083804808,0.417926512846862,2
0.227930907971609,2.21825395927284,2
-1.33625718747407,2.29349713858707,2
-0.153400942446124,-0.28131904301884,2
-0.124169896069142,0.650574820136086,2
-1.17272856995221,1.37042711049596,2
0.398413451489038,-0.784230883619695,2
0.0510418948670115,0.796853976465276,2
0.252694923198382,1.90635426617131,2
-1.40550242829406,1.34467737690397,2
0.451346913603843,-0.325739860010569,2
-1.66321114509632,1.39235701113797,2
0.78878278995646,2.50438043923395,2
0.457378250445314,0.827017629146051,2
0.173752949555143,0.874490526476821,2
1.05956633419827,1.13907649878476,2
0.316378780883246,1.83364785952444,2
-1.10075020207451,-0.156362250042689,2
-0.641788825792978,1.10725164179116,2
0.777367167648008,-0.134539609000083,2
1.00378350327621,2.47690202449421,2
-0.574847683854579,2.29087658393175,2
-0.167308298791935,0.267763147554434,2
-0.311753194459222,2.47452700206775,2
1.43612052040529,-0.919522784307809,2
1.19532608097815,0.0903695022319454,2
1.01632729707822,0.247066155650668,2
-0.692957170094684,1.13474315018487,2
-1.1046413650308,1.22378667925729,2
1.2782680373368,-1.65450968211604,2
1.03588561308941,0.616977822652767,2
-0.155152285695323,0.0537308718688446,2
0.642112746857668,1.75109343114024,2
-0.616794664299178,-0.267964282147323,2
-0.948313791824619,0.151309279650985,2
-0.179773069934365,1.66418777072251,2
1.5172295245285,0.00275748802548592,2
-1.80427411291096,-0.0606479367910473,2
-1.01486473254332,0.544090608116216,2
-0.601987603440078,-0.725976960761701,2
0.124319798831537,0.812903669866135,2
-0.0787800551602493,0.573635424630359,2
-0.849772235831823,1.17473063998524,2
0.847351541475312,0.607433197788973,2
0.344986233599071,0.752231642424583,2
-0.0604657594983686,2.75147433956725,2
-0.809674674936518,0.156425829133676,2
-2.68771356536379,0.423177836910017,2
-1.76132481153397,-1.10454754377227,2
-1.84822069642101,0.141531186710971,2
1.06976666689069,1.26107194715901,2
0.87284389479962,1.41156551591822,2
-1.17793239703201,1.4039175687618,2
0.854020617485825,1.39185255316287,2
0.00956973403418283,0.877642638080569,2
-0.457424698525429,1.89238618307863,2
-1.13602263185947,1.47752549282823,2
-0.0449435010247222,2.44706916676438,2
0.829426336418985,-1.19832796059616,2
1.49680084562743,1.58446511454408,2
-0.230453382933042,-0.586681898588302,2
-1.20048619449873,1.23208258501986,2
0.986862979708692,0.899637610266686,2
-0.847532908616179,0.873872575552046,2
-1.48947828568987,-0.777891849517304,2
1.06521330139733,0.435331880451913,2
-2.16867929388456,0.221954865922983,2
-0.316733884427373,1.91608477947374,2
-1.00025018212481,0.209688598002225,2
0.400050584611956,1.56709003501144,2
1.90281978619521,1.27736634676197,2
2.02138770921632,0.748543646712917,2
-0.195253894066926,0.13859473535741,2
-0.939443318542474,0.923861145722664,2
-0.260057565105892,-0.115577755619731,2
-0.0385287776539453,0.356464892520257,2
0.375432317024637,1.20647318906232,2
-2.60857830356395,0.574759345521894,2
-0.511207839796521,1.01377726219771,2
0.9829496499251,0.361352305876982,2
-1.26828856964141,2.25211421197148,2
0.91130420189709,0.50155646056584,2
0.784579100148534,0.718010653909924,2
1.91257042905964,2.00879774267724,2
-2.02403187351043,0.878765438924885,2
1.11105706006736,1.70615576386265,2
-0.139526916072482,1.21288913644514,2
0.689009932330057,2.47837468322865,2
-1.66351370136656,2.64047841352408,2
1.8021450405758,2.19783319342413,2
-0.30093954091095,1.8269942389137,2
0.733406076228493,0.878897717991689,2
0.641435920434947,-1.20976527040777,2
-0.00208307397358205,1.49299261452447,2
1.32976819519939,1.51518926561932,2
-0.418887952317339,-0.621240197917349,2
-1.19945904262019,-0.0933557656051118,2
0.0782885107410503,1.40616824161465,2
1.44739031303296,2.14669209110946,2
-0.0661300077093886,1.35549153866829,2
-0.438514681465784,0.841650473331613,2
-0.176440764675892,1.92942125615137,2
0.785402216060356,-0.26826316696379,2
-0.251939158849537,1.21538902444478,2
0.933261106537862,0.719313338283661,2
-2.3107270357321,-0.865159649620223,2
-0.718463504898134,-0.190800994014653,2
-2.02665257408662,0.0658679750943379,2
0.436309274865062,0.602746663811997,2
1.33112203352576,0.305322301890418,2
0.500761818419888,0.54325091032233,2
1.5602882490364,0.905609243779733,2
2.10543491902714,1.08695737491765,2
0.776039479790751,1.13979111487823,2
0.16389014016611,-0.749891382844223,2
-0.773562042845097,0.140947495757614,2
0.940693105787688,2.18636520186011,2
2.05288927031009,1.45149538159513,2
0.94272687991129,1.91711657424015,2
1.11267474071117,1.32721825555508,2
0.50106215222099,1.98789933263322,2
-0.279961478501066,-0.15633118700931,2
-0.054759460499666,-0.468280833944161,2
0.827283636277732,0.804791647117399,2
-1.06335978573928,1.49796527173475,2
1.37737917517591,2.40733870359279,2
-1.49954824873097,0.709833561685224,2
-0.615387389913018,2.18872924394289,2
-0.105959780657455,1.59080007851357,2
1.44617699028839,0.20829637517382,2
0.52366291534625,2.14308471864757,2
0.554403534297526,2.20076090230651,2
2.38987996295612,-0.610586916381027,2
1.05645920440589,1.44131875954443,2
-0.142286184024469,0.226343163144526,2
-0.604404506434239,0.523535295241485,2
-1.19344406913085,1.93398330611732,2
3.42165193078755,1.88236840725557,2
-0.761359324932799,-0.398510117777299,2
1.92672143598366,-0.0786717833956845,2
-0.657757481480856,0.10176535608367,2
0.470008413880415,0.32697835406355,2
-0.626479375145106,0.0766261273943017,2
0.345795375912049,2.3214240391208,2
-0.582898555979314,0.410343297603589,2
-1.8307290631058,2.30610833612064,2
0.382835084989278,0.0454896262106154,2
0.870879096552231,-0.12522259512424,2
1.85831003344869,0.0969125384770803,2
-0.406676799093934,-0.261278808771108,2
-1.13183343813175,1.66415036576418,2
-1.66640341419954,0.0793397433080899,2
1.07562180003912,-0.639379679313518,2
0.916976172821167,1.41138222151473,2
-0.70672794512713,2.22908387097837,2
0.583109138498555,1.63893024259304,2
1.38815897507604,0.743165494860797,2
-1.64308143287176,1.95933249842312,2
-0.136121937793271,0.659226335077343,2
1.21612525523224,3.48631593867924,2
2.03866758151564,1.21482420738963,2
0.450552012434379,1.61012013241443,2
2.06332422321355,1.67248974800001,2
-0.621738280145787,1.91859892898201,2
1.16184255499501,0.258479283656173,2
0.490955286179166,1.21123239860639,2
2.27752425909734,0.682970897062118,2
-0.558613853373904,1.53463001768981,2
-0.493816107176139,0.168889645382721,2
-0.612950114896244,3.46790153933106,2
-1.75297116737529,0.979129777279839,2
0.0951649913742238,0.537499951706074,2
1.07656455880317,2.39638605052816,2
-1.45568508932057,-0.343120327880011,2
1.27064666174928,0.581132525275273,2
1.62168753474908,1.77032157958594,2
0.643748955793184,0.146533950221568,2
-2.56104979771024,1.64900045437968,2
1.54667227275501,0.0290388138927613,2
-1.90837122108284,0.77952773376066,2
-1.07157317687182,3.24984599566157,2
-1.96792046532567,1.62878973198477,2
0.804097871781754,0.874092688337181,2
-0.643420508240023,1.71340568458886,2
-0.0676374751503512,0.547775566045312,2
1.09558712745532,-0.57213986922967,2
-0.24413805199708,2.23175299925081,2
-2.85536441873935,0.210508604595607,2
1.80601901091914,1.43990300409998,2
-0.214105463131482,2.53013148193155,2
1.5674670918184,0.336962657582875,2
0.827608574345273,-0.156767628894933,2
0.156320118062721,2.98825825642319,2
-0.551678038443863,0.652709762495909,2
-0.163143084040456,1.24558700872964,2
0.922086112940026,0.791028588579984,2
0.41793850475309,-0.560947637953829,2
-0.0321517770337993,2.43452655304792,2
0.496472356317998,2.23909932504149,2
0.138285890645693,-0.25060274288841,2
-1.53148019729736,0.502856934855983,2
-1.42607594458787,1.47536337226242,2
-0.349731473767115,1.75345846136599,2
1.14773019687391,2.94779393298559,2
0.550712638426411,1.33161241318863,2
0.192251200228318,2.64924308976861,2
-1.38158936881015,0.509283300532417,2
-0.146126643551852,2.19997531988126,2
1.55405882005165,0.928290983640111,2
-0.583716151465555,1.27602583122407,2
-0.31442182233308,1.75518474839477,2
0.148797093673038,2.23421016602906,2
-0.196999699583926,1.16665265643184,2
-0.621318615566703,0.10790464801483,2
-1.19919171521227,-0.315355802783738,2
1.20328815372523,1.59462197670896,2
-0.321785995304925,0.427921130669883,2
1.06920926014565,0.0270498214839426,2
1.19361180510208,1.07223044201485,2
0.366648597180396,0.131188964276717,2
0.456619805716942,0.505695266586215,2
0.123341926756958,0.330576127600274,2
-0.562099055400839,1.88779714586229,2
-0.657850872166379,1.14842662165706,2
0.309969233540719,0.445060031170213,2
0.923401793970583,0.341212083531005,2
2.01413882162622,1.12617355779821,2
0.296928225678531,1.16015814175149,2
-0.768144896381233,2.39629390567886,2
1.6107551452501,-0.139164469514956,2
-1.2347578697693,1.27146770970142,2
-1.86723369595187,-0.458135170668561,2
-1.35677664229494,0.743257536998206,2
-0.627476138706806,1.68512170761498,2
0.890371878312897,0.622660630857151,2
1.17456067215886,1.90119070949998,2
-0.208438103728241,1.37355564893388,2
1.62248995606722,1.1305512215189,2
1.16396851750556,1.01711353268213,2
-1.30496823186572,1.30662699915344,2
-0.520501518783701,-0.716751231165601,2
0.568825292049811,1.59344720319494,2
-0.221319303315774,-0.824205119054132,2
-0.0592125091500998,1.78362591386254,2
-1.07206034387514,0.152085327875796,2
0.241477597945717,1.57349706552917,2
-0.0572727436932705,1.04101562138195,2
0.640720247400162,2.87374892201538,2
-1.12443604742399,-0.474998595436401,2
2.03201184803748,0.305774218862584,2
1.2839396134788,0.208562450106622,2
1.41941268806678,0.58278402587148,2
0.689876124218448,-0.390628391857197,2
1.44369947106177,0.892498465886374,2
0.541985180258432,2.32075029545566,2
-0.576049210681951,1.43422864911375,2
0.454649025721851,2.44941545470188,2
-2.67212712416087,2.19299135375708,2
-0.797280218478178,-0.0337452722407703,2
-0.233774327391293,0.39855748175327,2
1.24014371489366,-0.0703169717867225,2
-0.0490824594773169,1.06157500435781,2
1.72953393900888,1.78836440943211,2
0.549880272005587,0.70508694805516,2
0.462249499983648,0.736165047170063,2
1.61909670060289,2.55858971569678,2
-0.7284870245739,0.911077875423332,2
0.373067395610288,1.04537184140775,2
0.504410678882637,-0.183401609338142,2
0.00806518800113767,0.461823952873081,2
0.37912875447821,0.89344647243589,2
-1.62345126891634,1.73178035434654,2
-0.442259560133721,1.41188576697486,2
0.186809272872456,2.46368034991972,2
-0.865346680852989,0.397295536967343,2
1.86180044473517,0.921296846968448,2
0.572739880589294,2.40957585828115,2
-1.33432547595136,1.97548376560892,2
0.556498383444403,2.1447627012397,2
-1.07048983181278,2.82477332369811,2
-0.262605897323779,-1.18768885765121,2
0.438581039204318,0.800463676119072,2
0.377605563587587,1.94060283243062,2
-0.61793138922419,2.80880651948974,2
-0.378223601865582,-1.42399443063204,2
-3.26364215453229,1.29725469992502,2
0.454558963794758,0.655824634398933,2
1.03048563410495,1.32051888273748,2
0.508327252293014,0.743928641379015,2
-0.0861060110163434,-0.334517784377623,2
1.19736312344423,0.446164325433907,2
-0.653912918240162,0.840886277012199,2
1.50118342581198,0.0929704039977084,2
0.202516272358336,2.04469353854233,2
-3.02851067007388,2.89582151071801,2
-0.451831405307237,1.1789171803826,2
1.22596374484687,1.22324701415068,2
0.058413458937839,2.29452378768395,2
0.132985133982716,2.01462694969307,2
-1.0485049661244,3.02299675308888,2
-0.1564079944048,1.35678076089387,2
0.0110623880263187,-0.857885016562134,2
-0.305057248257821,-0.00898341430912608,2
-0.901575240281465,-0.258349071443443,2
1.35641314905175,0.815825643749058,2
-0.20252144697424,0.618792762166973,2
-0.965121449787419,-0.16311323515097,2
-1.34060207412794,1.72606183972669,2
1.83021988551378,0.701291442141718,2
0.198739437942891,2.69872861725882,2
0.37778708522114,0.700402398797916,2
-0.03350737051145,0.50510771615669,2
-1.40179517039615,1.67634076531933,2
-0.318436630442989,0.472731518952837,2
1.56251865240952,-0.224550704633642,2
1.66893172014293,0.567408802797005,2
-2.35339494559503,1.43811301062944,2
1.10505097535552,1.36616108814634,2
-1.75377774220909,-0.944268816798783,2
-0.776225533605622,2.88648119269111,2
-1.68852724360279,-0.122980748163793,2
0.415073454774679,1.83550825579766,2
0.755428003985642,3.02240104786004,2
0.266497569022264,2.01318230373442,2
-1.29839010754812,0.790446498188935,2
-0.3104364752536,1.83026741744984,2
1.67375060660636,2.13380161661847,2
-0.920643528625092,2.75398045205717,2
0.0443332519133776,-0.153816133840247,2
0.832744124290315,0.027241398595243,2
-0.993519891100168,-0.984295585257323,2
-0.660606049851255,1.02523826803146,2
0.30976446382508,0.449117552801463,2
0.145441397780047,0.54908625799926,2
-1.08396623467298,2.06385087648801,2
0.402563939434248,0.888958693830989,2
-1.31495811371303,1.4987020631511,2
-1.22586157889666,2.1737459378644,2
0.352002361137873,2.8243583392982,2
-0.469932776410624,2.44537747978904,2
0.723615735016591,0.139008825778201,2
0.963732808911921,0.972086001974745,2
0.397404559043026,2.35702903266975,2
1.51290549722041,1.02440592158183,2
1.87974109173344,1.69400438876226,2
1.18662737546875,0.6389651102154,2
1.49609882052396,0.576802312728777,2
-0.958726750345207,2.40352414687795,2
1.98995769784802,0.74356381507799,2
-0.003398860472018,0.433886780397798,2
0.296361242985197,1.90849128569533,2
0.644844047488777,-0.634822571158621,2
1.76769902879612,0.728283502214767,2
2.04254053633612,1.70157563421814,2
1.29170810712775,0.811859482813853,2
-0.683555693090467,-0.252763170911357,2
0.00896843319048118,3.17215251848525,2
-2.21123129042674,2.39626122086328,2
1.27304928729245,0.614947560395852,2
0.802274866943848,1.35904699931249,2
-1.45315149861165,1.85150021957963,2
1.87198393476577,1.07691938457737,2
-0.632270784963438,2.38482259883681,2
0.704216212250237,1.02816198713414,2
-0.3433365469626,1.22771198421715,2
0.397730186257199,1.66440542856717,2
0.430778195429425,-0.0986337009299623,2
-0.270233114963505,0.840226126704139,2
-0.102257463167821,0.254420903455142,2
0.543195460594335,0.447729168494349,2
0.0250710045723802,0.663421670450112,2
1.54195534541994,1.84208710791249,2
0.100440221732209,0.470322989356405,2
1.44891441731649,-0.230757747589795,2
-0.585986149181057,-0.0868732029335559,2
0.863316344000955,1.7883285847115,2
-0.440727744112854,0.131608968602849,2
0.744787742071337,2.23505675065307,2
-0.649398739533018,0.898575455569152,2
0.203708929370134,1.0773195646538,2
-0.159346588739915,1.61472720833413,2
1.12861235561796,0.923492567322625,2
-1.77266697815134,0.0903217897589189,2
1.00146610746293,2.84301521647341,2
-0.289786498976284,-0.147268182135092,2
-0.206827214862927,0.400293397466516,2
-0.629847650138978,-1.16956319619426,2
-0.679263568907682,-0.123986554781206,2
0.264092677836078,0.66063873638103,2
0.552926992688862,0.0648246415669346,2
0.495251795150544,1.6256975205485,2
1.30824369392252,0.682599077558169,2
1.30055991891237,-0.766523886916758,2
-2.68895565259295,2.39291316806842,2
0.00794121560341099,1.65262548171611,2
0.321620326610048,0.2868448672154,2
2.23837828315957,0.137829330988845,2
0.407758941159752,1.07214708829037,2
-0.0334824101127064,2.01748897649579,2
0.112827459724142,2.0156989786806,2
1.92084190087812,2.65334483257254,2
1.30629454902114,1.78128990386819,2
-0.560804030344501,1.80278550666582,2
-0.034522253089199,1.7385520657175,2
0.415304379326773,1.31509378559055,2
-0.00425318561204956,0.354145751124732,2
0.401452667081536,0.254900551648975,2
-0.496300205016873,2.1494752026757,2
1.2849247443423,0.677017693508312,2
-0.386857535167803,1.76909921375437,2
-0.332384809508951,-0.0849509890698199,2
-0.606979837037367,-0.68364661276555,2
0.69371129822447,0.817793172701792,2
1.51569024822813,0.550166915878524,2
-1.22767834485423,1.01361336060568,2
-0.308623763966926,-0.867151784256689,2
-0.128969317836436,0.618227851731845,2
0.743614134433975,1.26373919398325,2
0.565715577339025,-0.692627385390616,2
-1.17168525551105,-0.527976076949435,2
0.782502924335366,0.341408806693275,2
0.320980452572079,1.67912859934374,2
0.0732404452484712,0.660196104067559,2
-2.42012941322552,1.0062405640451,2
-0.523202347971773,0.64418926409394,2
-0.131133373037498,2.65230169642417,2
0.0151425256976993,0.574803255653944,2
0.278081360525135,1.42801738105999,2
-0.132609686412968,0.898595182302071,2
-0.232036169715259,1.86579475992145,2
0.393715845855291,0.726890755824076,2
0.547061065182406,1.53283607999904,2
1.52918392132728,1.90161343398463,2
0.40877085820323,1.55776223496989,2
0.0316983543977711,0.323763116478281,2
-0.439093574476874,0.822803615031936,2
2.37315658289409,1.41808183799607,2
0.146700876050258,0.843379667840278,2
-0.205846518433006,1.83846592142219,2
-0.328342068451225,1.80463198018228,2
1.73560277806626,1.43795973014662,2
-1.63950954107748,-0.0915757777011128,2
0.746779338668786,2.77578797416941,2
0.399986049313652,-0.142625246049527,2
-1.48730024291186,0.110644857341848,2
0.230855651089473,2.44027656062144,2
0.0309506074152754,-1.69256172239719,2
-0.0224549597605765,2.11278941849244,2
-0.0203531670311301,1.18652095393069,2
0.183230446634031,-0.556134947145464,2
0.80361161889317,1.29248892806481,2
0.640676338129597,1.35586573529982,2
2.12921298459676,1.89870954207181,2
-1.51438092285668,1.06492967264992,2
-0.164920147623801,1.17366090981992,2
0.136960110354512,1.6629146532639,2
0.255508772689832,-1.35686717305299,2
0.412216218231681,0.941363734143073,2
-0.606064928162762,-1.02509682857588,2
-0.626586688628307,-0.298265639769958,2
-0.262632500250668,1.56237718531725,2
-1.25038621711297,1.98070288983352,2
-1.12150251836113,1.45019295391031,2
0.941427682412115,-0.547346739262758,2
0.505631283154221,0.474792286746861,2
0.68918404903188,0.905303911738597,2
-2.20904729229192,1.31535592482781,2
-0.0166651541543417,2.86845574878503,2
0.0111335798583153,-0.20917528723569,2
1.22889231214616,0.111033353553018,2
1.96567591473917,1.49348789730862,2
-0.196540085306042,0.241189076379725,2
-0.30984349363377,4.0841908499621,2
1.35079412798676,-0.476644097650403,2
0.202648677994475,1.35655533111057,2
-0.119629064182835,1.45380543094772,2
-1.01359068682791,1.75646802204752,2
-0.641452540433947,1.19876623676666,2
-0.220455409602589,0.662608790038219,2
-1.36170316714654,-0.468068067234361,2
-0.071483174745186,0.391321265937202,2
-1.5293171226994,0.672251418918545,2
-0.962171471065795,0.91250173522753,2
-0.307594540689608,2.18348312793913,2
0.078546990610394,0.099600529212719,2
0.507989774385791,0.90751537754871,2
-0.928567140023598,0.678556703083976,2
0.776015444617908,2.14085432726485,2
1.02810618703206,2.98189943376691,2
1.36432088883178,1.25283471839459,2
0.0622429093598483,1.31033893843948,2
-1.46401618231297,2.12847187200717,2
-0.523830656427251,2.67974707934267,2
0.278233000311933,0.375453049463029,2
1.68980204465003,0.440424880488822,2
-1.14737183398835,-2.02858884914916,2
0.0792957451784721,1.15644393757742,2
0.715819914768422,0.388807175496214,2
0.0215550932170516,2.34840150353398,2
1.49112442002798,0.852192856381933,2
0.916779073528157,1.54978847784455,2
0.901038055471067,0.729278787435493,2
1.18391200151601,0.588703938328242,2
0.0774085855359956,1.03586278297461,2
0.569346510507208,-0.473104914012901,2
0.19504780676907,0.0398449619739503,2
0.527104997241664,3.40082588354752,2
1.0710184407541,-0.442181747882852,2
0.578207362419827,0.586605910669185,2
1.9673428637498,1.46132974346549,2
0.203070087177496,0.193526405174567,2
-0.245854819422572,1.38323073040387,2
1.78858549079547,1.48741083949932,2
-0.479830746123139,1.52119094197624,2
0.0113451043768137,-0.386235644962153,2
-0.685981812752137,1.48741996404328,2
-0.647151731530212,-0.0793648763269883,2
-0.00935731401676831,2.1632428916955,2
-1.80863920308285,1.57886058388529,2
-0.839689953694633,0.356750257477547,2
-1.0831746065452,0.292960968282809,2
-0.409751369652881,-0.205440472852742,2
-1.55205993208196,0.567218703210143,2
0.440675707995273,0.893402170596756,2
-0.805137431658354,0.982501907208914,2
-1.13626318640264,0.118059233286706,2
-0.212185581330353,0.187460951425458,2
0.0851093908822916,0.133562721382688,2
-1.17265937459564,1.79002889124791,2
0.628578681758252,-1.01280014971701,2
0.344523952276529,2.63114577305729,2
-0.416669998458479,0.649996080589666,2
3.22061555464488,0.713466833410102,2
1.55786269102334,1.37406534564941,2
-0.202199141273725,-0.259238324717714,2
0.758822971379537,0.487175085601387,2
0.508553573018405,0.944571297978805,2
-0.544841369010562,0.869647592205394,2
-0.354412410661681,-0.607265505845638,2
-0.555071718883897,2.52549541872943,2
1.36837569690141,0.00463355203678539,2
1.20512405471256,1.2859633509851,2
0.275052054121912,0.290326247322081,2
-1.26221331591975,0.00559225032209265,2
0.23047457454766,0.151476893051844,2
-0.500586240799934,-0.338648087278737,2
-1.01969438748091,1.69781863545728,2
-0.535530840017769,0.281686949627386,2
1.6064245933984,1.95845258986366,2
-1.59570942135523,1.01265906219064,2
0.634524113652586,2.90915546767578,2
0.14678729159071,0.993100412511651,2
-0.162685579578191,0.716159961320512,2
-0.726758503581765,-0.0729863261996537,2
0.710771476601801,1.70540032569835,2
0.153667796864795,0.791467622102604,2
-1.66729525764053,2.05223674462344,2
-1.53349211413422,1.56110157281426,2
-0.542650054529954,1.42471545739006,2
-0.902336584828542,1.2241314932796,2
0.626671715583479,0.564938460198694,2
-1.7724707953627,2.13835358512984,2
0.177068567509497,0.549169307649771,2
-1.544835385198,2.17345028697569,2
0.152160216318063,-0.774191718986091,2
0.0819669302327117,0.570810912892384,2
-0.0130878089332972,0.195131346384894,2
1.10567047472675,-1.69639607923998,2
0.767786782121182,0.890968923305196,2
-0.699839569620335,0.708404768156623,2
-0.447173478213636,-0.00223067795660392,2
0.337712041001312,0.110895892356716,2
0.0720247266183669,0.708613035003572,2
-0.442908270127373,0.813865744306372,2
0.522803938519963,1.19238594768534,2
0.30330695757621,-0.00379032049690431,2
-2.1085658478083,-1.46317678560148,2
-0.146137691497351,0.321170530653607,2
-0.264098805752501,1.81616953762934,2
0.543344910029132,1.96996777614203,2
-1.49841381138384,2.14591825824499,2
1.85277788011201,0.930674883323041,2
0.0220195991233017,0.55767035428127,2
-0.555801919677016,0.488665534072908,2
0.335976238206521,-1.20863956846778,2
0.031359267781584,-0.530528183338792,2
-0.99635008839933,-0.230077275818699,2
0.0575689999573682,-0.622974631431302,2
-0.18983322232353,1.22615219393235,2
-0.7303768949894,1.69012204279171,2
-0.159189309797912,1.4047449547724,2
0.918867466085494,-0.759549549832464,2
-0.564093279620689,1.3245300328974,2
0.184491567477305,-0.097856367383286,2
0.41776183500274,0.972037912727563,2
1.72502129859881,2.57010322939747,2
1.0260630979522,1.44000287306633,2
-0.0938737670920741,1.07179361269247,2
0.527916351552155,0.528333612962433,2
-1.27268330230974,0.74553445237661,2
-0.365774341542108,1.4205281340746,2
-0.569154043589229,1.80288229798302,2
-1.3297820877114,0.884927333400592,2
-0.7287792338482,0.411557262813112,2
-1.01762441730686,0.0777877490139239,2
-0.449228789339583,0.00638945215267273,2
-0.252162656989893,1.25885111623566,2
1.54750192001444,1.34176953939785,2
-0.916332356156366,-0.777647260780256,2
1.08005547063209,2.30797921768165,2
0.750177878443873,-0.578952626543848,2
0.421687811873853,2.10044865005757,2
1.62246884437771,0.717012883858298,2
-0.534515966025634,-0.92116031928554,2
-0.972897704395581,1.80256385525703,2
0.959092772440741,-0.768645459679174,2
-0.0677294079237371,-0.133757178755303,2
-0.637665587570645,1.39717630860567,2
-0.186471913807196,2.63061145312859,2
0.394702549272784,1.33050512052993,2
0.578119975192613,-0.0262165233383316,2
0.581298037873111,0.986811088565164,2
-0.802566975256867,-0.0910021006007551,2
-0.520822484795075,2.29442815448877,2
-0.412941496877853,1.71726111797586,2
0.907421827226998,0.43152544839548,2
-0.647830068668974,-0.359407788876882,2
0.920100881342162,-0.927396181036792,2
-1.1414450931652,1.21778409101831,2
0.131384568652936,0.629006160364938,2
-1.07220044625847,0.450792110634477,2
-1.27666051063014,0.302782276817753,2
0.722056355880262,1.21360193649286,2
1.15210974048239,0.506015525109454,2
0.432904673264161,2.11380153407939,2
-0.0409650570781403,0.0670803086888337,2
-2.11176511144722,1.54683363398908,2
0.982975468457673,1.4473494403257,2
0.561505540187952,-0.388389652956259,2
-2.40965970290764,1.51704503006902,2
-0.318035829899742,0.918094850728357,2
0.282224828720532,1.342423537744,2
-0.661254469858632,-0.0984982318400114,2
-1.12286061841797,1.66664722149728,2
2.32273480498276,1.83513832672511,2
-1.37238020036848,0.420756578614615,2
-0.421676027965478,-0.0656301937910568,2
-0.226774985611972,0.236357439852416,2
-0.423090043500909,1.44119061094719,2
0.361221618279172,1.84661283988757,2
0.362861794591169,1.15460558594876,2
0.46620875470415,0.996394285470681,2
1.56542419559592,3.32849666734953,2
0.696486788106631,2.21685505794181,2
2.33459976886397,0.687093599560928,2
-0.0963775692859992,0.276769108974704,2
-0.0363585296698645,0.114507276232024,2
-0.471929362579781,-0.597482999934031,2
-1.01166211834766,1.11998776455811,2
-2.34067568071463,0.0621618925989754,2
-0.797805879202712,1.70837078541152,2
-1.04509671420202,0.897405772837541,2
0.214992429789981,0.674638169243101,2
0.605132252848091,0.177308176713108,2
-0.243147695459749,0.26330354625269,2
1.27184733637838,1.24804548320443,2
-0.31984093974294,0.852741848577329,2
-0.513314915417519,2.98047574827214,2
-0.265067718262809,2.82498849913936,2
0.730047448420111,0.0877899434673314,2
0.811163622253449,0.278328015027211,2
1.75255281237093,0.52236484230699,2
1.37660206818255,0.628584097418651,2
-0.347278257370441,1.24442818385577,2
-0.959224361289749,0.764309891338341,2
0.0981355389154636,0.624855576864406,2
0.0107169233262795,-0.0717287671035909,2
-1.2086076146848,0.093293628523984,2
0.497098918421409,0.674073283196059,2
-0.068383656937843,-0.22945122486679,2
0.169714239471809,-0.0566136020315022,2
0.720087257144579,1.54489488230938,2
0.8032809877416,1.75897212732375,2
-0.0450993765031266,2.28647055203843,2
-0.286779060756755,2.41148719093079,2
-2.0874146172729,0.848963760978612,2
1.4105412257138,0.220250047297695,2
-1.02243567539355,0.384831350398997,2
-0.621867744307278,0.487434325429392,2
0.699790892893981,2.11586279887175,2
-1.38883024500527,1.43778949551185,2
-0.654877018625985,2.26862543031145,2
1.57961104953639,1.8045869043941,2
0.992385218629723,1.18933953652995,2
3.22970309348797,0.936461021852226,2
0.0303491849356238,0.286002244659158,2
-3.05433142410209,0.100620683173483,2
0.532413143014473,-0.778028782799708,2
0.307767136484335,0.487416280207983,2
-0.859505494487108,0.0567120791259547,2
1.59402296204346,-0.532291342867543,2
0.421586789858231,1.14971857392763,2
-0.978772980693947,0.995378556050443,2
-1.24940360158172,1.60483698074404,2
-1.45633019621853,0.6694881851021,2
-0.228277548971116,1.95674914693779,2
0.140057228046441,1.17008175884615,2
-0.136264984086944,1.47305511584269,2
0.12722192301905,0.779816601249394,2
0.63180250551658,0.611193872918344,2
-1.1615141994217,-0.165839371860243,2
-1.53716248966723,2.27518022325794,2
0.31688827593768,0.246228720167349,2
0.0110132578643973,2.13387334443561,2
0.656788611831704,1.65947285073813,2
-0.897704398078009,0.66719557090669,2
0.37855242447283,2.80534310936253,2
-0.255821798628152,0.697802635465522,2
-0.487621552116199,1.17777671565123,2
0.0865580164863229,2.47967759745764,2
-0.365104841105191,-0.0286373075058777,2
-0.0808003044988503,1.82972879202514,2
-0.314981345846206,0.76595806159196,2
-0.781215894056858,0.744035654493283,2
-0.468996225371735,1.36823518791334,2
-0.667512584034734,0.318407550518479,2
-0.775743854625921,0.0420220191763909,2
-1.14263340711352,3.23470269039138,2
0.399136082024747,1.86303424179382,2
1.45897583344598,1.80641538263773,2
-1.27882880309702,-0.120622168626454,2
0.983755854282633,3.20061295818035,2
0.830984623189837,0.313109207219154,2
1.02587140366332,0.237521862596393,2
2.53991383745066,0.595254355741379,2
-2.14336181745324,0.0444317026192343,2
0.918539779018328,0.188704700811442,2
-0.647708001829819,0.41402251974287,2
1.16161395555213,0.777279197913527,2
1.46991360418983,3.16548481874076,2
-0.337155693747613,3.33583362602065,2
1.7414222645474,0.62047635669763,2
-0.560911318223963,1.46642771057493,2
0.29033025935188,2.09275028184495,2
0.459948608290674,0.718984266877942,2
-0.846059698298413,-0.0373988648723964,2
0.57148673022546,0.426307090933492,2
-1.43501298461413,-0.262653925659476,2
0.524427996069219,0.760219970471608,2
-0.014048414230414,0.901871981906703,2
-0.538035843324922,1.14295730786425,2
0.690593133790299,2.34277416476906,2
-1.81304309885225,1.06379156339718,2
-0.783621460433405,1.01245203281492,2
1.10546796269867,-0.217891605710478,2
-1.36720675727767,0.919081615092162,2
0.113698068238721,0.780734815789293,2
0.551293168692323,0.412577825801712,2
1.2657361410094,0.472177556861039,2
-1.53247348042201,1.41680867034764,2
0.183401759486555,1.31101217909998,2
1.46339963202948,0.655071426228586,2
1.64078275054713,-0.382474389858688,2
-0.79419459967475,0.541043124972889,2
-2.14293258952133,0.747653447208359,2
1.35406820015485,0.0982784988303885,2
-0.952294053357579,1.59977048584533,2
0.254288355100284,3.45101637316328,2
-2.41037812252497,0.511403892112319,2
1.37960742692628,-0.00267030556267711,2
-0.108601333009705,1.31480918076333,2
-0.914761801334407,1.04657102024825,2
0.111711677301042,1.24424519655176,2
0.124303587715775,0.194395218065002,2
-1.08019535198838,-0.181169159863504,2
-1.82368768759552,-0.189959589790928,2
0.513272966532419,1.33098218822482,2
1.93913685233546,2.82440039970322,2
1.77072223066927,-0.145128786753956,2
-1.19841764887444,0.378217581999305,2
1.05530423805083,-0.323640377554006,2
-0.363605510974537,0.807032180171678,2
0.353982943879368,0.866017607894078,2
1.06468519784267,0.779607022685792,2
0.270577087477263,1.29939738356397,2
-2.14075713835958,0.625952921982102,2
1.22736019374119,1.06480759149148,2
0.709411083365195,1.57160636823,2
0.0507761104334545,2.77550583642212,2
0.737565130646873,0.353081208875542,2
0.3949891684247,1.94746439502054,2
0.684339542082951,1.53425430342958,2
0.398800602709111,0.120415580658886,2
1.16649205864482,0.159549010983341,2
0.319219588446788,1.23784968550585,2
-0.0388021160473853,0.733299351520516,2
0.283697689303612,0.823663020241644,2
0.317520115381449,0.654927032985355,2
0.849583381061707,1.02830601827629,2
1.40340943491941,1.60544461946222,2
1.37627672851742,3.53137378218011,2
2.07817302679188,0.293433217395549,2
0.507691379575328,0.757786969148571,2
-0.609365172543842,1.17554114523264,2
-0.887157668401665,0.400912815025169,2
-0.0961623053830325,0.914010699580975,2
1.0262228742081,-0.250601555138136,2
0.271735745220055,1.53714264905967,2
-0.819211894389187,2.12955149314574,2
0.742842796147347,1.04143293613696,2
-1.91479188883786,0.167361244058622,2
0.110403100611354,-0.663458518273706,2
0.469360404846278,2.20512148509552,2
0.018096914434415,-1.070125448801,2
0.63335256914559,-0.208965566592696,2
1.17214040054625,1.93075577973284,2
1.55739397610852,0.935906168828983,2
-0.986389349792682,3.19065429664914,2
0.494895993609186,0.836178809718946,2
0.282147356095745,1.80205174828712,2
-0.572277685580759,1.07484690247217,2
0.93824486171917,1.92491599056496,2
-0.0211280932326421,2.19603514081933,2
0.984460272314969,-0.073286369021079,2
-1.92661851314771,0.168444601497932,2
-0.744358351681994,1.81269238926155,2
-1.46077478791095,0.396062917476013,2
0.912376677464567,1.00319094071002,2
1.21781803968349,0.915027811160909,2
0.152462474038355,1.47633333462647,2
-0.416703107675761,-0.383957930593016,2
-0.486385078431915,0.466886806904672,2
-1.20109642814336,0.869783183262574,2
-0.560169250828198,1.9197448074577,2
0.0469724812564478,0.327645669012756,2
-0.157582595711653,2.50411441762284,2
1.1813996295052,1.13577618488737,2
0.5789087797154,1.62829925477948,2
-1.31868555073996,2.70688110419975,2
1.20379453278033,1.52493942531273,2
0.746452795488957,-0.827225693495537,2
1.45228650282171,2.55840605001934,2
0.711597229365108,-1.91917039395535,2
0.464762984888101,0.227867368260276,2
-0.229980934780743,0.796384518500071,2
1.70179753938577,2.83269405080566,2
1.04297019190092,2.56675951705357,2
1.76246062375706,2.22024182734074,2
-2.52987982753157,1.83253675822398,2
-0.403634018588066,0.844879509737685,2
1.94486847487484,1.35427909923222,2
0.943675066262123,0.121885440166963,2
0.165815789429001,1.69623858226745,2
-1.5945022747417,1.73473906611911,2
-0.933443126507358,1.88295853108001,2
0.311253342466403,2.68319461325077,2
0.746186462045723,2.3715727810827,2
-0.0541634543385108,0.0845676383591819,2
0.160746697025602,0.452786038449881,2
1.61422627020831,0.380703702955693,2
-0.458256502994088,-0.283545858386334,2
-0.769229574907031,2.48214157419827,2
0.398392102105539,0.444114772809525,2
0.565743281993337,1.03453403916881,2
-1.98606387189628,1.00478132964338,2
0.442324112781361,0.588006289136017,2
-0.546891309081694,1.22017965489798,2
0.271891387541109,1.31517120162254,2
-0.243239606195367,1.11557730321593,2
1.16029448589997,2.57753000180521,2
0.957372438418276,2.03103786996591,2
-0.669129315680513,0.75432769535741,2
-0.59731085384346,1.0738668704203,2
1.18320919171031,1.12694814817211,2
0.12015317601537,1.16986273267763,2
0.0890081741192592,0.375173162690766,2
0.988281734550453,-0.220689485852356,2
0.859243207540134,2.71014441015138,2
0.573864750944368,1.46381288008811,2
1.50961012650483,0.390122165688939,2
-1.20516525994978,1.8477493567177,2
1.19899943256651,1.44259693508536,2
-0.120308806311725,0.888715990001444,2
0.646891022650778,1.05397168690977,2
0.586977733714452,0.583310973070386,2
0.170602191305406,2.73001095719653,2
0.655925686810939,1.83421110059651,2
-0.0452821829325057,0.303270418420475,2
0.784952376578859,1.16437393846619,2
1.06041075335411,2.00721814216056,2
-0.26025100940153,1.03140088536233,2
-0.862888488154071,1.06567178323699,2
-0.0293650321094111,0.205412966179517,2
0.178817672964304,1.1780105776887,2
-0.658089596141583,2.37313134771926,2
-0.0911259344628384,1.28423009436366,2
-0.60035929863266,1.42858439685926,2
0.322074561448071,2.39373278917509,2
0.862623178996545,0.88959911037594,2
0.868744345286708,1.45992916660733,2
1.90329969067967,1.05539929629535,2
-0.102072515128763,0.539796443602808,2
-1.79191704414868,0.0575192506386163,2
0.705925812976638,1.40216009082415,2
0.364646746270571,-0.0222757556423254,2
1.20153694927672,-0.512463627068085,2
2.52320737093121,-1.00279144109088,2
0.834119156088549,1.65513954239802,2
-0.157109113674678,2.49175124705117,2
0.892739943798721,-0.0130654131815537,2
0.578893349573576,0.721525803559696,2
-0.697860901992068,-0.28704334327847,2
-0.103859939509835,0.436154513453535,2
0.289196145435169,0.346416056644181,2
-0.636963608031182,2.31508288959848,2
-1.57120996729467,2.6908674805262,2
-1.95243460427363,2.37379787374127,2
0.959729870410703,0.12141867795438,2
0.862803996768432,0.782037837444633,2
1.38607591852385,1.49027028708458,2
0.123748633163279,2.05486143809018,2
0.172753136144415,1.53979036732247,2
-0.580063494055742,0.689937437272434,2
1.8790964879477,0.97771239271633,2
1.25114923304456,0.979390681216865,2
0.955998462198394,-0.449993742861512,2
-1.46674884457011,-0.677048043443044,2
-0.845124178573162,1.20935425765416,2
-0.360005446367488,0.470205268483812,2
-1.1665204344451,0.738388847666165,2
-1.6014234900755,3.8028829899535,2
0.684017957691781,2.50849031992788,2
1.10463499120315,1.12162569245852,2
-0.71816400457635,1.2678886397767,2
-1.40853039246848,-0.866456349655962,2
-0.00422246919032673,1.07907305859217,2
-0.0611411620059303,1.46185036112574,2
0.671197010637057,1.6499164954755,2
-1.52473515167811,1.14255239326106,2
0.436532136751672,1.77616767987339,2
0.567494292963271,1.02416233230307,2
-0.287211974247373,1.66260091696885,2
0.525593663812975,1.47898315122463,2
1.11057730935148,1.26267020096906,2
-0.104681011694288,0.209632709073029,2
0.381846236384881,1.76625782990795,2
-0.0493042122230855,-0.77362689960703,2
-0.0337146006551811,0.987420718341321,2
1.87051851291938,1.46261146237395,2
0.655555818894425,1.60468728070297,2
-1.84802247873675,1.76970700536758,2
-2.19272770887748,1.97992386149328,2
0.00223193066570967,2.59360087542201,2
1.78825481353203,0.912435826062769,2
-1.29519020215155,0.609241113374238,2
0.754684233228661,1.03803050283132,2
-0.401055260308114,1.63632455021352,2
0.554015462355651,0.931915907357868,2
-0.645367312450029,1.33019433291689,2
0.342766881571585,-2.00003557223612,2
0.384215400118506,0.826529237143624,2
-2.62944444583013,1.73244386191246,2
-0.535823178750171,1.16122613351705,2
0.704542535848439,0.16927846547804,2
-0.332526632518656,-0.747587155096555,2
1.96044789282033,-0.213832019570777,2
1.03222229171734,0.390303720736264,2
-1.24214139928184,-0.411418951849245,2
-0.193075243737927,1.43358499550972,2
0.931163449447798,1.39855763501838,2
-0.307634709402503,0.0104140532740363,2
-1.20823038544145,0.29356728107366,2
1.76729628971655,0.165449872104175,2
0.636689779920245,2.63016118413248,2
-1.41430449003963,0.869273883006129,2
-1.35272365739481,1.30041492795945,2
-1.69575149576338,2.78513442959409,2
-2.2676115651171,1.26848063124621,2
0.517546643701938,0.176337606741022,2
-0.875580595586801,-0.886154818614686,2
-0.0606639858675472,0.323973647086157,2
-0.31796674221456,0.457905294342837,2
