-0.434743883587,0.0491621304891,1
-0.972348884673,0.0575572184067,0
0.559026344694,-0.145505605063,1
-0.533534319673,-0.0883277110928,1
-1.05150758486,0.145631191839,0
-0.929927658423,0.0916237256726,0
-0.47968222293,-0.912627063843,0
0.476018321717,-0.0016357087783,1
0.95489651313,-0.0205410257252,0
0.982506816587,-0.428194968508,0
0.837110821296,-0.518146624845,0
-0.363736447112,0.341874167305,1
-0.247636854684,-0.305456375792,1
-0.274689598735,0.391052146684,1
-0.744895908927,-0.820152573275,0
0.103619146089,1.04363649424,0
0.506307349663,0.090520646528,1
0.493218770698,-0.136317468005,1
0.96035580094,0.116383180477,0
0.366377279621,-0.445722991244,1
0.0661253096368,-0.913739563703,0
-0.180954754272,-0.462388779569,1
0.610523010317,0.866342555105,0
0.903521053139,-0.561411165606,0
-0.222901536139,0.959986882557,0
-0.79943045628,0.7472087878,0
-0.457025114831,0.185154280233,1
-0.778865335095,0.613287080401,0
0.468098637492,0.000156643981705,1
0.606226475301,0.722336691656,0
0.822333776593,0.578861829048,0
0.490506438551,-0.08638729782,1
0.870635841275,0.191498223088,0
-0.424572753708,-0.812255901555,0
-0.293365488284,-0.917190553085,0
-0.374588071882,-0.361543815037,1
0.926037333228,0.263933150755,0
-0.784281804557,0.682657163418,0
0.423186810047,0.240420593711,1
-0.474615285872,-0.829924263739,0
-0.458115234188,-0.246541895769,1
0.389027960502,0.296719899851,1
0.280958946217,-0.984990081564,0
-0.902808149364,-0.442423791859,0
0.579547607881,0.793860084006,0
-0.230868414367,-0.464895575797,1
0.295390227937,-0.399577183084,1
0.795195536969,-0.490237321615,0
-0.584409645405,0.681969992743,0
0.265099247902,-0.418430703932,1
-1.07237921468,-0.130759615382,0
-0.746268171437,0.621519958298,0
-0.342289192691,0.308328776468,1
0.205442136094,0.478588468461,1
-0.0556682323868,-0.43645942789,1
-0.455081763864,0.220189473474,1
0.867370929289,-0.584236272545,0
0.00369544692491,-0.427209504337,1
0.460616667632,0.906366844717,0
-0.343140990934,-0.294171558776,1
0.503295669343,-0.190042464081,1
-0.314662828849,0.414255167662,1
-1.03438191918,0.275265782883,0
0.268073012139,0.40328969394,1
0.25038667857,0.316117597465,1
-0.0819294004951,-0.592369428488,1
0.451665701201,0.85198896292,0
-0.882487802556,-0.412209779931,0
-0.180239994869,0.454174832298,1
-0.904442182349,-0.481967188029,0
-0.357046010383,0.241042946051,1
-0.102340437371,-0.49099300538,1
-0.429506842387,-0.0150098610708,1
-0.770494624423,-0.534444006103,0
-0.307318513557,0.895170275631,0
0.377398390285,-0.168423813475,1
-1.02877310309,0.115997289347,0
0.238336178044,0.465738742727,1
-0.519122435607,0.234015765611,1
-0.816446104682,0.671179959797,0
-0.956359192049,0.426429453124,0
0.413560078983,-0.977830293429,0
1.0209233071,-0.0274969202237,0
0.951625568789,-0.39515098426,0
-0.942240893233,-0.509799286992,0
-0.160465295204,0.412062241562,1
0.611338632864,-0.785386803217,0
-0.369893119385,-0.995719739287,0
-0.625116054616,-0.77622450569,0
0.454659087014,-0.0986350744501,1
-0.987301768823,0.323502054025,0
0.102432318373,-0.497318492427,1
-0.498786306466,-0.869398047628,0
-0.173338242675,1.03923669971,0
-0.57317364369,0.854535317244,0
-0.425401133057,-0.327845368169,1
-0.927598191014,-0.270987441677,0
0.945641233711,0.0176779638515,0
-0.256454736006,-0.931027314748,0
0.497599751627,-0.836997408425,0
-0.411889368031,0.252064961812,1
0.507042436071,-0.142851022389,1
-0.77681875926,0.649275144763,0
0.828458764755,0.615266425929,0
0.237325902605,0.368620371733,1
-0.59662072265,-0.887873929037,0
0.418296178928,0.820938043985,0
0.408698440352,-0.193552335481,1
0.501671335217,0.17816402964,1
0.0396416947445,-0.538178408666,1
-0.184753766486,-0.475535082431,1
0.833845241321,0.508159619987,0
0.139920939266,-0.450480595105,1
0.163236198782,0.430867995983,1
0.50532705511,0.115140269403,1
1.0031764797,0.264911720771,0
-0.52087867967,-0.0340449914573,1
0.200665694514,-0.479401147876,1
-0.130191974511,0.534359172076,1
0.543194036593,-0.266681626644,1
0.0665680588595,-0.578472124876,1
-0.215204773177,0.378406207509,1
-0.519472489447,0.132595366414,1
0.76326273693,0.630650137489,0
0.795071072152,-0.443276897338,0
-0.958358290341,-0.309508163912,0
0.430136549488,0.183096425713,1
-0.712940683922,0.787106288064,0
0.51427672969,-0.847599095405,0
-0.488403169273,0.226963951479,1
-0.129379655889,0.333259323451,1
0.391324028733,0.355999238394,1
-0.0107488730172,0.487313088593,1
-0.810744609181,0.660654690133,0
0.905019200727,0.368433818706,0
0.72287205929,-0.666161205307,0
-0.362308676915,-0.885388815405,0
0.544215219944,0.0260174632993,1
1.01511090732,0.293386668813,0
-0.208623959418,0.427375904306,1
0.637548368395,0.756010608171,0
-0.142326601915,0.419984137484,1
0.976650896632,-0.192699523609,0
0.614050118263,-0.888666343076,0
1.02519710912,0.0389395956288,0
0.282628757381,-0.264414796926,1
-0.401711872648,-0.922527111013,0
-0.396020563994,0.00899817529042,1
0.44886410099,-0.241813090839,1
-0.474468362281,0.175281573823,1
0.208812165325,-0.353795771392,1
-0.497219193952,0.134322878566,1
0.724754330561,-0.737569182992,0
0.289040309839,-0.951419773085,0
-0.206648540239,-0.384270232162,1
-0.544531596821,0.126657819192,1
-0.225927650999,-0.453692972062,1
-0.0561246668849,0.504709627459,1
-0.151338705144,-0.443041429428,1
0.503146325212,-0.811348047224,0
-0.504600313174,0.787695853916,0
0.60363414015,0.267453011943,1
0.950917974346,-0.290514061278,0
-0.566069475245,-0.818896143227,0
-0.470543417896,-0.0703062347369,1
-0.317585742968,0.9927167738,0
0.0297645065415,-0.570485690342,1
0.05716593327,0.545013045045,1
0.638746895148,-0.770043414153,0
0.94432798958,0.0926120361073,0
-0.0149999890102,-0.5708260523,1
-0.637698831704,-0.750449832873,0
0.319796985394,0.429538249359,1
0.159706297929,-0.457179571358,1
0.106791803331,0.973063047667,0
-0.931111675294,-0.0257871747158,0
-0.361757614519,0.310407683212,1
0.45964200366,-0.773330571516,0
0.453375553143,-0.331726062292,1
-0.368416642931,-0.243601238197,1
-0.129154556983,-0.525524893819,1
0.469079172118,-0.176047358795,1
0.469789378497,0.331011726329,1
0.282032434331,0.5159834337,1
-0.575034448723,0.861525864426,0
-0.629270750169,-0.779209897219,0
0.418806960457,-0.0988155252538,1
-0.378732802633,0.298613021676,1
-0.452134807962,0.149648640322,1
-0.535407967687,0.0357946437212,1
0.353617575701,-0.947264420943,0
0.108753869855,-0.544215785783,1
-0.213642669096,-0.429783074758,1
-0.755467789018,-0.545390499793,0
0.0364764575564,-1.03386768594,0
-1.04213865329,0.250021375012,0
0.289517012539,0.441314350134,1
-0.458644852631,-0.0160840361808,1
-0.45253766197,0.0571100716352,1
-0.517839403182,0.18247628009,1
0.260669419277,0.460093394851,1
-0.608380261771,0.665497180694,0
0.0462229598762,0.464769066443,1
0.860523105885,-0.533875590945,0
-0.545968777631,0.905742382698,0
-0.752253755832,-0.750152386779,0
-0.453726954803,-0.774924584524,0
0.957758413651,0.250688708585,0
-0.166411509494,1.02427173799,0
-1.03900109406,0.046209431411,0
-0.419520048176,-0.205270246319,1
-0.383493824425,0.327691689233,1
0.497614985075,-0.383872379477,1
-0.664663641089,0.76213973577,0
-0.821282507966,0.667434299495,0
0.760347066641,-0.748534255025,0
-0.797083690372,0.515774096404,0
0.245042377991,-0.450551212788,1
-0.583845842822,-0.832024800076,0
0.692487873954,0.676227572231,0
-0.320212956377,0.187612308337,1
-0.139899185408,0.476972060945,1
0.403472862821,0.133624685724,1
-0.469614846289,0.236435218559,1
0.930388976671,-0.335014014782,0
-0.249003775878,-0.376604947998,1
-0.081327793099,-0.48250098988,1
-0.460052974015,0.131983538529,1
-0.0216607845069,-0.493259975072,1
0.354874604218,0.352688153207,1
0.262520404717,-0.332771274934,1
1.04539368716,-0.100661404039,0
0.48724601133,-0.161917862311,1
1.01507127197,0.0616769556425,0
0.353863039154,0.36281650704,1
0.203597941792,-0.970920184735,0
-0.11074917078,-0.521995140737,1
-0.553556166677,0.81250446666,0
0.66762280049,0.768425526623,0
0.444902123344,-0.0276812578315,1
-1.00189259795,0.399854473079,0
1.01779992479,0.083353193295,0
-0.337751069629,-0.286613684967,1
0.557562429885,0.073967569861,1
1.10841167492,0.299440732175,0
0.0238598649473,0.472922084024,1
0.862430428791,0.669361766506,0
0.701486401141,0.596907630135,0
-0.296267004983,0.352835783298,1
-0.87630040705,0.461212965369,0
-0.11210320876,-1.02483973601,0
0.869188579119,0.676420012512,0
-0.457180492643,0.860809701951,0
-0.624710229239,-0.720201381811,0
-0.415670134377,0.253213651352,1
-0.512130120034,-0.0621996805698,1
0.172747937435,0.391535424129,1
0.0126272368157,0.496585743716,1
-0.438936120467,0.000124398157239,1
0.323362240758,0.343880118242,1
-0.254573137721,-0.496472406961,1
0.302939529811,-0.426417908885,1
-0.248277824828,-0.352856770018,1
0.181772931235,0.934582855732,0
0.379947539011,0.246358718614,1
0.731908560826,-0.677420731587,0
-0.406603319187,-0.919779472586,0
-0.492975640688,-0.0294791837816,1
0.494322061027,-0.0833883780967,1
0.0901022072444,0.499490130898,1
0.380519128245,-1.00319383744,0
-0.996399912862,-0.10773418868,0
-1.05598449317,0.218807156569,0
0.937198269655,0.28987782815,0
-0.0963726038127,0.401003716137,1
0.323704369858,-0.378511554924,1
0.373317390359,0.40104364558,1
-0.426561712523,0.201979520315,1
-0.788565720068,0.676554919992,0
-0.950115209444,-0.147502411572,0
-0.46065000101,-0.336237941923,1
1.00207520416,-0.148201469562,0
0.908721831787,0.00871558029817,0
-0.162875754331,0.42913672067,1
0.915746202514,0.24469865255,0
0.251831152759,0.465905711621,1
0.451427302376,-0.869094123578,0
-0.129246517478,0.399396930543,1
0.0894268317305,-0.500532566391,1
-0.0602633050272,-0.986376660334,0
0.564523053511,0.78951826002,0
-0.249154340602,-0.955000818331,0
-0.51926128696,0.872802406219,0
0.46583830287,-0.98187084169,0
1.04819923835,-0.116086150725,0
0.478163077584,-0.192159240842,1
-0.651223987586,-0.727974544445,0
0.511894108035,-0.204127542434,1
0.999047497919,-0.000274191913448,0
-0.476181160583,-0.119145059402,1
-0.177087778223,-0.969729151562,0
0.0554146203854,0.945962328393,0
0.340832817045,-0.964282146538,0
-0.774046062157,-0.534908727409,0
-0.018036066403,1.02404438639,0
0.318062918112,-0.456726205936,1
-0.455019290759,0.850530686136,0
0.173196584413,-0.496087126733,1
0.26026705485,0.306446480775,1
-0.401047361106,0.389312829301,1
0.477619037236,-0.135817262892,1
-0.363339008601,0.318335612373,1
-0.668760196048,0.78133360894,0
0.557643022721,0.712198086891,0
-0.882695775247,0.187459328272,0
0.0108258542518,0.51485304425,1
0.106946788925,1.00403659543,0
0.544956564009,-0.227798702204,1
-0.459976559864,-0.232754354789,1
-0.425270808941,-0.141537676337,1
0.50171130921,-0.93182984239,0
1.03394753857,0.20654823568,0
0.48734769488,-0.187996558511,1
1.04494132615,0.250785675935,0
-1.04392093726,-0.0699743418079,0
0.759012556893,-0.648376862202,0
-0.355162441112,-0.306764573532,1
0.420185704202,0.242618286857,1
0.419496062936,-0.239506913845,1
-0.987883244276,-0.251207071681,0
-0.499002848928,-0.0148350224814,1
-1.00502969314,0.0489883283299,0
-0.291918007673,0.449554937672,1
0.278927157996,0.958772714844,0
0.295443135287,-0.427513385734,1
-0.49278144566,-0.024652375196,1
-0.309977343985,0.382592021379,1
0.434438660953,-0.162262343877,1
0.3744375487,1.01494889316,0
-0.562125195663,0.00937556442398,1
-0.963172396491,-0.0552416677991,0
-0.0464595092185,1.02874836459,0
-0.40532114885,0.892279595346,0
-0.224006475847,0.462179921305,1
0.800904769132,0.655836644868,0
1.02186922872,0.0291428632775,0
0.922335639956,-0.0618456425021,0
0.981089603774,0.0710571213503,0
0.999820643116,-0.163604911491,0
-0.0647127046716,-0.994304936034,0
-0.29226834621,0.425410842766,1
0.411868561708,0.393441968077,1
-0.322169075823,0.965484483681,0
-0.577315565936,-0.0334481488936,1
0.491004673045,-0.251283837547,1
0.44292475017,-0.334638183873,1
-0.667140145806,-0.805713791753,0
0.277193660141,0.408615779541,1
0.933910643773,0.233491930903,0
0.658451846741,0.748399704122,0
0.468769047397,-0.181501302296,1
0.491268167355,0.972288876408,0
-0.547138213696,-0.215792100166,1
0.331732066868,0.431464155175,1
-0.272489462283,-1.07924905129,0
0.495750015186,-0.197188855613,1
0.61190179684,0.750947353146,0
0.629034278987,0.81581331911,0
-1.02217609059,0.222243216516,0
-0.144291835099,-0.93671114816,0
0.718889516049,-0.654156892608,0
0.393233389514,0.245661838388,1
0.43504042695,-0.367290590129,1
-0.882260816686,-0.247953984796,0
-0.313568461716,-0.36110080312,1
0.621673262869,0.739236355087,0
0.348048741422,0.303633404097,1
0.485893521694,0.201754908357,1
0.534918583772,0.794463913143,0
1.00106661705,-0.257063789127,0
0.496737950301,0.261153854884,1
-0.329483521636,-0.317889889473,1
-0.80380576166,0.542970972186,0
0.960841195718,-0.258605029016,0
-0.55082539053,0.832216423739,0
-0.382430853723,0.281544958596,1
0.393380326968,0.2453554444,1
-0.315557226768,0.832281958017,0
0.425777258327,0.0472848536235,1
0.10114651997,-0.456935834211,1
0.442656627532,0.205188685484,1
0.0178753957463,0.497220958949,1
0.35360238509,0.293640265882,1
0.0386283197325,0.493960439449,1
-0.572199713429,0.839781652783,0
-0.19297137567,0.437911085723,1
-0.848708990322,-0.34644513686,0
0.87029340263,0.396380444332,0
0.429845484535,0.103292051718,1
-0.262980437773,0.444322903096,1
0.947357297987,-0.405458658828,0
-0.0732639603245,0.460661318707,1
0.558412917604,0.8292673911,0
0.459921674293,-0.268314020777,1
0.82461702173,0.614678904389,0
0.639653116462,-0.828218597558,0
-0.735893311209,0.635884901462,0
0.430289993355,0.20321879812,1
0.153544843842,0.468671117162,1
0.318125812496,0.975325940334,0
-0.482468606111,0.933631210214,0
0.866462819242,0.423786256413,0
-0.317346734189,-0.847407072579,0
-0.530331532682,0.873373603487,0
1.01518688878,-0.379685001021,0
-0.470647061602,-0.222104491827,1
-0.470150058448,-0.166400244315,1
0.103904949742,0.486487208151,1
0.15958102563,-0.528915420336,1
-0.21704666071,0.424665739777,1
-0.0216019925761,1.02720417046,0
-0.808227801918,-0.623851678927,0
-0.358229668977,0.18354616334,1
-0.493990924827,-0.817420788094,0
-0.396503636293,0.225772598778,1
-0.987204551546,0.0282598758494,0
-0.449712538763,0.316460124482,1
-0.139950747696,0.5038459917,1
-0.223836949874,0.474681224785,1
0.117759574908,-0.557643940473,1
-0.530281024069,0.108119119525,1
-0.0520286587942,0.440438772347,1
-0.273995463861,-0.395315132283,1
0.383431647682,0.00423836596998,1
-0.276273200174,0.959881226078,0
0.310599891904,0.275533605567,1
0.355123197133,0.225206644387,1
-1.00750384612,-0.113273024066,0
0.0196861459998,1.05572672788,0
-0.551700639712,-0.0788198079186,1
0.643612972223,0.808473146515,0
-0.423591328929,0.202888088266,1
0.416975523823,-0.272281497157,1
1.05197674713,-0.206455518252,0
-0.317228773034,0.4074016025,1
-0.424607126561,-0.227298166584,1
0.448546753762,0.293925596002,1
0.340482130132,0.537013147371,1
0.219870527364,0.52304939405,1
-0.500662093625,0.02592506715,1
-0.731237624313,0.492362459993,0
0.896882417447,-0.45737242235,0
0.109812360378,-0.925341078169,0
0.49779419732,0.101644836153,1
0.264778480957,-0.444079220505,1
0.930754217729,-0.272713561401,0
0.798741383821,-0.795504817374,0
-0.43127759257,-0.165035125558,1
0.808945108668,0.568773999065,0
-0.332977782568,-0.971170162092,0
-0.330652397583,-0.348231344691,1
0.382128028061,0.329313484931,1
-0.915954778591,-0.290847720965,0
0.324370237486,-0.884422623118,0
0.993840637126,0.475429992004,0
0.376295920419,1.03800868105,0
-0.200850558467,-0.353897659734,1
-1.02546445146,0.0264048740381,0
-0.981937507245,-0.358273185222,0
-0.763411682249,0.679644362397,0
0.166240148926,1.01151361944,0
-0.219769771118,0.941717061792,0
-0.374814069898,-0.0834824290632,1
0.438025223987,0.938550026701,0
-0.35687826979,-0.385576772621,1
0.514504057768,-0.265788298573,1
-0.749673295194,0.7565446845,0
0.767209373897,-0.705718011013,0
-0.251859714268,0.423345810811,1
-0.457709476725,0.111925459602,1
0.953928233152,-0.512583100123,0
0.279593271335,-0.312744707859,1
-0.361293757652,-0.361566858802,1
-0.859693710569,-0.505067175117,0
-0.897487705607,0.360050616867,0
0.0555579057509,0.428550462164,1
-0.0462643267534,-0.983652247385,0
-0.222986364579,-0.446276998021,1
0.835577122838,0.564482702,0
0.0883481107242,-0.96713679251,0
-0.44721541321,0.273229648057,1
0.169397097045,-0.515428216549,1
-0.179457930189,-0.452877582838,1
-0.033341809906,-0.526975755087,1
0.0285045985071,-0.497253091098,1
0.295717519454,-0.400617359429,1
-0.242931917245,0.367773276687,1
-0.394307958857,0.277671005181,1
0.33628125261,0.910104399076,0
-0.983153797986,-0.356686837771,0
0.964693189891,0.242404998229,0
0.531525413709,0.245314924605,1
0.144372240042,0.406075458335,1
-0.248565690044,0.479474300566,1
0.508924886739,-0.11007240857,1
-0.926896082686,-0.247311703935,0
0.118078463142,0.546813404027,1
0.411946653505,-0.113443369044,1
-0.222929483344,-0.958257522622,0
-0.470006185948,-0.271621031431,1
-1.00722556883,0.118514138077,0
-0.734094711323,-0.688687749813,0
-0.447256837623,0.152241429805,1
0.917820027049,-0.439044948913,0
0.951657490476,-0.429652976382,0
0.836821321252,-0.410252725881,0
0.37236557376,0.0753243480516,1
-0.503051092309,-0.141569667281,1
-0.39023975273,0.336770419875,1
0.917644080539,0.0407160456679,0
-0.4231743057,-0.262080837099,1
-0.733391066492,-0.669993395805,0
-0.614298640595,0.779255568544,0
0.483347454588,0.138278605278,1
-0.283922054578,-0.318377451149,1
-0.10687620123,0.524658261228,1
0.309562573446,-0.457912875841,1
-0.986924996583,-0.222299775011,0
1.03856662639,-0.356034178297,0
0.958988607813,0.223194968244,0
0.805258252993,-0.447363703103,0
-0.942376189836,-0.261411313961,0
-0.305560118606,-0.3782468756,1
0.766220897461,-0.607962189313,0
-0.550777347199,-0.0936318257434,1
-0.18855939112,0.470965962511,1
-0.0205409258006,-1.02780286592,0
0.0155070850652,0.520428921223,1
0.215142864509,0.484389270573,1
0.561243079775,0.865777914056,0
-0.90218795791,0.430309408324,0
0.0183716197171,-0.494440401311,1
0.283879455246,1.00071039198,0
-0.538086178573,-0.883135611526,0
0.961756058168,0.379548189141,0
0.11382806579,-0.475331012445,1
-0.451904391526,-0.874704101469,0
0.566202445074,0.824324740281,0
0.551930904982,-0.318336657803,1
0.321917357828,0.426440298055,1
0.462498193319,-0.820513527773,0
0.866267406729,-0.48015018188,0
0.402131412636,0.898873603914,0
-0.496352262293,0.199649645686,1
0.780954728313,0.680318099004,0
-0.53649261091,0.149680888853,1
-0.0341387025782,-0.396807310925,1
-0.235770768087,-0.944212144746,0
-0.0626867739113,1.09200001512,0
-0.394484073013,0.903807840939,0
-0.154719121617,-1.0326451542,0
-0.945286718343,-0.170048509661,0
-0.218944650348,1.00758574752,0
-0.781402054217,-0.642315929811,0
-0.666098891584,0.79596725398,0
-0.335932259105,-0.851528021191,0
-0.36883020664,-0.361795185155,1
-0.873643115708,-0.493650268941,0
0.961000685946,-0.423857695754,0
-0.878123192248,0.57472812744,0
0.44891280213,-0.163929787751,1
0.0335943119068,-0.535257771481,1
-0.996402403725,-0.0631306334209,0
-0.0379398614248,-1.09446591052,0
-0.158745659235,0.91903721198,0
0.621796124158,0.804993011323,0
0.441479769574,0.0679460691197,1
-0.0669229921607,0.484447969287,1
-0.512084401213,-0.193141149184,1
-0.282611273267,0.447724220287,1
0.996345272905,-0.282771447454,0
0.384099944961,0.307495191605,1
-0.367564798004,-0.275321016604,1
0.405554737062,-0.255558592033,1
0.478611366399,0.208499034337,1
0.945881266599,-0.274951088173,0
0.0838094585583,-1.04889304013,0
-0.490688359656,-0.110030555347,1
-0.469145701457,-0.100122756039,1
-0.800118358025,0.506418653375,0
0.148054346097,0.437706190478,1
0.520824785392,0.179725414279,1
-0.904614796995,-0.494998507869,0
0.96030361786,0.0999523515376,0
0.427690520603,1.00001103404,0
-0.0874892340626,-0.973271818661,0
0.267165819125,-0.361481939761,1
-0.0256662018517,-0.953009486163,0
-0.999870099877,-0.23346541194,0
-0.969663323872,0.114287250424,0
0.494598228876,0.0117589765362,1
0.789173418625,-0.55126648473,0
-0.900172743335,0.362898562023,0
0.304064611531,-0.515345205619,1
-0.526051645388,-0.25489344779,1
-0.347747703463,-0.260983220429,1
0.0590543099955,0.982502092056,0
0.731981373128,-0.521843853962,0
-0.418788098124,0.274812555358,1
0.337514410601,0.419168987921,1
0.882952211031,-0.269807368423,0
0.0903111935377,-0.958780186364,0
0.459400247124,-0.176596271904,1
-0.204568327557,0.473184794776,1
-1.01575680608,0.278431637969,0
-0.382207957645,-0.371033893257,1
-0.460687721692,-0.0371405512519,1
-0.15082869029,0.990057828031,0
0.438843090622,-0.00292868684815,1
-1.03320759676,-0.0679218618185,0
-0.47464247356,0.0869725108435,1
-0.871667889113,-0.470980021033,0
0.18811735373,-0.467288263602,1
0.336202039714,-0.953513761173,0
0.452478900665,0.187686749131,1
-0.453062541559,-0.205808934149,1
0.412470756587,-0.349713848707,1
0.753197823293,0.741263370346,0
-0.217857393532,0.487688257966,1
-0.411325785601,-0.325298906875,1
-0.092645998407,0.511537384212,1
1.04333317672,0.0897898906039,0
-0.886438627751,-0.319747671089,0
-0.397745502327,0.332274895332,1
0.675506282047,0.744126593791,0
0.186235453508,-0.402108938439,1
0.260632153036,0.424632146208,1
0.787064394301,-0.657396744434,0
-0.818521887577,-0.559716886656,0
0.313764139976,0.437986193925,1
0.93257317107,0.0283099194127,0
0.837129381669,0.600499267133,0
0.13465739766,-0.403175730984,1
-0.322633925694,-0.451602335773,1
-0.187226870857,0.47266554616,1
-0.885582119551,0.392670314717,0
-0.260796329476,-0.39997241264,1
-0.458190238422,0.951060674452,0
-0.100412370671,1.06651668976,0
0.0573924075336,1.06039226245,0
-0.227518703586,-0.440293201446,1
0.0946390086124,-0.502824431198,1
0.885144233765,-0.204018028898,0
-0.467907905357,-0.283520029864,1
-0.224409002772,0.424601535175,1
0.751297559848,-0.591736984235,0
-0.213267615681,0.48530869806,1
0.187574826817,0.559501845655,1
1.06139703051,0.317409904257,0
0.303066969438,0.995031101361,0
0.559460219782,0.0255240625395,1
-0.764698140208,-0.677779025929,0
-0.302258560056,1.03725531286,0
-0.493850214634,0.201783256823,1
1.04571498359,0.0764017214657,0
0.878691399483,0.429488142069,0
1.03566944748,-0.0221323069625,0
-0.437304816723,-0.289513481741,1
0.991028556106,0.00277270552701,0
-0.379185298637,-0.441838805178,1
0.811367195843,-0.603950630694,0
-0.933457342059,0.194847884274,0
0.539859679522,-0.748882374998,0
-0.193832608359,-0.529727201422,1
-0.420900271086,-0.819010577961,0
-0.841459171085,-0.596386504642,0
0.292848620377,0.959022263042,0
-0.0734545013079,0.502857370504,1
0.154104178182,-1.00395841991,0
0.0900132110925,-0.476860599329,1
0.352275256612,-0.31057045084,1
-0.11638608424,0.986216986567,0
0.282585651209,-0.38257832242,1
-0.52741446195,-0.0398989799646,1
0.132207879184,-1.00539014346,0
0.477061407062,-0.0688627926907,1
0.306727222838,0.479440137683,1
-0.920555601428,0.146946184583,0
0.319141299467,0.468719389588,1
0.0518983486333,-0.548387380663,1
0.902215260004,0.169447607386,0
0.489545506574,0.100212544517,1
0.130986483081,0.475861145399,1
-0.30189638895,1.05279936307,0
-0.486931865707,-0.137941182723,1
-0.394808289958,0.847989754705,0
-0.385241350937,0.249892211447,1
0.88317073534,0.402394720788,0
-0.338649661737,-0.419843446748,1
-0.396573041845,0.271442734984,1
-0.796261389017,0.629680983722,0
0.452603288609,0.350666525397,1
-0.834773927666,0.432341711354,0
-0.367374714542,-0.905300520022,0
-0.242923053133,-1.01175401229,0
0.350878600653,0.290777186231,1
-0.348142588078,0.277974313035,1
-0.282000946837,0.895587380922,0
-0.923982025333,-0.359543947494,0
1.00245097808,-0.158912423316,0
0.697451369934,0.74537839428,0
0.059191092175,0.399679611723,1
0.391925821766,0.193791948249,1
-0.503810823308,0.15234610365,1
-0.439322757757,0.141820855923,1
0.455411354993,-0.149518633578,1
0.46935445578,-0.247457745456,1
0.479985859492,-0.00588903260606,1
-0.843142727022,-0.640383107142,0
-1.0010406017,0.053485736891,0
0.35538079024,-0.857066728744,0
0.393043669829,-0.310716330498,1
-0.303164703761,0.282900175703,1
-0.561589424375,0.0994849558886,1
-0.842085896311,-0.309975075179,0
0.264806280468,-0.405063979227,1
-0.17920154151,0.45248994001,1
-0.117189005041,0.456297862344,1
0.30667893139,0.332011638541,1
0.197346213409,0.97844007119,0
0.37887567024,-0.296541031835,1
-0.403214441329,-0.927153157104,0
0.755065675128,-0.724901272694,0
0.0909963730924,-0.523819107302,1
-0.946955058195,0.201749237349,0
-0.114573175242,0.481513444065,1
-0.516903345996,0.275536608674,1
-0.379314380507,-0.36138514178,1
-0.0678118243787,-0.402147522907,1
0.345542856884,-0.4627407307,1
0.159281049933,1.0105541436,0
-0.240685992214,0.982382884616,0
-0.173993077322,-0.485109654679,1
0.506617220666,-0.769943390129,0
0.686789643232,-0.850431071003,0
-0.809271965284,0.603560884103,0
-0.390466820795,-0.897220479879,0
0.920616922076,0.402351866166,0
-0.882878143437,0.368992916731,0
0.232942347838,0.936568713976,0
-0.19602243449,-0.982722054139,0
0.491396356523,0.13589185069,1
0.33749319419,0.333892072585,1
-0.83639661017,-0.479524597541,0
-0.807753406893,-0.676212558742,0
0.596293640053,-0.859912135595,0
0.51515544885,0.0123134579634,1
-0.403829367745,0.32946710821,1
0.903824179646,0.272490017085,0
-1.00803696523,-0.286114041964,0
-0.441053158084,-0.871537514709,0
0.33010146114,0.337153198239,1
0.211825955243,0.530530433934,1
0.286291858108,0.931991583864,0
-0.551561299781,-0.771791313118,0
0.230391341932,0.489261301079,1
0.280955107342,-0.965874196006,0
0.233697999557,-1.01344211951,0
0.681339282222,0.614735276326,0
-0.977366643453,-0.0538183645485,0
-0.994210547616,-0.234305748743,0
-1.01203640099,-0.144091433915,0
-0.991414514535,0.315505579638,0
-0.361479944817,-0.260884234536,1
0.262673976276,0.51028608751,1
0.247237366597,1.05847701223,0
-0.80985423198,-0.584380147168,0
-0.202629711715,0.915633007633,0
1.11153477125,0.03100888615,0
-0.828377548181,-0.403136141877,0
0.285173739647,-0.436954378756,1
-0.442095443135,-0.938023730141,0
0.399184232946,-0.322305651167,1
0.369130686363,-0.38037781096,1
0.0569140467,0.50441033889,1
-0.00342728363479,0.503390213966,1
-0.503084353562,0.0787840851426,1
-1.03023608228,-0.19836411059,0
0.494765743274,-0.236496929944,1
0.593421822478,0.130674443201,1
0.778603741186,0.658760264485,0
-0.209504324983,-0.406993395045,1
-0.246199511393,0.320468986917,1
0.653777153328,-0.70009116447,0
0.387203332623,-0.0921610798638,1
-0.0533514854673,-0.432553158876,1
0.794756487871,-0.618093659175,0
-0.643677915419,-0.862748644506,0
0.48792257345,0.992826882618,0
0.317533541133,-0.278575069155,1
0.558295534363,0.804806313385,0
-0.0105547184622,0.420298614492,1
-0.219333038423,-0.456681998533,1
0.905064247841,0.488290261172,0
0.22856851191,-0.488836656639,1
-0.428672635556,-0.265183398649,1
0.871985943792,0.465614229188,0
-1.06300016529,-0.0721690311839,0
1.05031191537,-0.230185094265,0
0.197671627088,-1.00699619119,0
0.305809811213,1.02687963391,0
-0.0334126240264,-0.570298454691,1
0.0304188905901,0.439028409586,1
0.109745110489,-0.990622727969,0
-0.241026751932,0.545277467583,1
-0.477092308672,0.236364186278,1
-0.921286015949,-0.416908837693,0
-0.461747951922,-0.301926194752,1
0.441483497094,-0.968185645113,0
-0.53389873365,0.0375546369837,1
0.622525372704,0.724540917079,0
0.85574246583,0.612529993626,0
-0.8077664776,0.718592917712,0
-0.197690646947,0.486068980992,1
-0.723311951856,-0.672916839719,0
0.609471835712,0.089742488734,1
-0.272710225013,-0.914590323387,0
0.412903852046,-0.257630526865,1
0.871568849795,0.369002549791,0
-0.252367420065,0.971086413807,0
-0.52603393531,-0.0874984716591,1
0.356846710775,0.914810088558,0
-0.0777580507183,1.01629274059,0
0.501935565162,0.0113242691567,1
0.0929280919468,1.08113090263,0
0.375150700775,-0.328074705608,1
0.469125573953,0.0038266647903,1
-0.550528224142,0.0432967345127,1
-0.997369244535,0.105618611338,0
-0.595954565187,0.817977658557,0
-1.03934353371,0.0275377992717,0
0.559506879684,-0.0344510154275,1
-0.405986853982,0.0227932782977,1
0.548303677052,-0.0845113357401,1
-0.972780321041,0.074117883133,0
0.427726021935,0.335825512048,1
0.229157540649,-0.587489965195,1
-0.00763475654442,-0.552377065985,1
-0.395014743237,0.940279299966,0
-0.447827077848,0.806558581069,0
0.337865799111,-0.33633450977,1
-0.0792646391788,-0.475680914799,1
0.800043612317,0.64693663061,0
-1.04714198939,0.270893039968,0
-0.0932198167816,-0.915872141607,0
-0.382839700195,0.330120997886,1
-0.511016648222,0.049940202076,1
0.409500882661,-0.9410788268,0
0.061102701519,-1.04442205965,0
-0.16357259408,0.983552785092,0
0.339111865036,-0.312511242745,1
-0.256512485506,0.967788205051,0
-0.0604774658326,-0.463812282538,1
-0.465483792502,-0.138160313681,1
0.161006065072,0.445624633002,1
-0.864635931617,-0.487475926687,0
1.06320282095,-0.0764924513044,0
-0.178245025217,1.05506878073,0
-0.0437849176536,-0.548989378843,1
-0.854181421773,-0.514197513936,0
0.168167801439,0.978642005356,0
-0.389513018312,-0.418955768387,1
-0.194263984847,-0.948566414359,0
-1.05880303245,0.307058575839,0
-0.367543427717,0.382275593331,1
0.418935130208,-0.349474634746,1
-0.46840882929,-0.0335926766408,1
0.841248231528,-0.503638854411,0
0.498433728079,-0.0690026846559,1
-0.148330599533,-1.0489082412,0
-0.250894268806,0.979539079892,0
-0.435722387539,-0.00465556714797,1
-0.486385376609,-0.886957532401,0
-0.588666510269,-0.25510557371,1
-0.470897831833,0.110666047307,1
0.429550603036,0.237969159881,1
-0.945183582781,0.287964932545,0
-0.237366277823,-0.504100541474,1
-1.09134943558,-0.140797684931,0
0.200524756026,-0.992688315955,0
0.133832882699,-0.460270684388,1
-0.269725781016,0.469818750657,1
-0.32997757662,0.306316030164,1
0.121165680166,0.501728841175,1
-0.393786154342,-0.0732056888704,1
1.02332116955,0.09519125449,0
-0.0579694030174,0.46738723561,1
-0.74960611678,-0.763873884606,0
-0.92528434382,-0.197076553568,0
0.0323350885614,0.557021560663,1
0.00572752424777,0.498446306657,1
0.0546895672265,0.544661170073,1
0.359537912819,-0.0839176871142,1
0.7197377726,-0.740658882792,0
-0.714229685239,-0.619711147058,0
0.233269825168,-0.986400342954,0
-0.528781919395,-0.947132660223,0
0.530282164737,0.286103296523,1
-0.3781938412,0.977830324647,0
-0.168426666781,0.521056244622,1
-0.202767371357,-0.39862309092,1
0.863919045051,0.51198414287,0
-0.980940616276,0.342140649772,0
1.03066346841,0.210897736895,0
-0.33128633776,0.419831238681,1
0.0555914392439,1.02378230531,0
0.264762391964,-0.881100660251,0
-0.0770806188754,0.56455727369,1
0.846396401987,0.510009231073,0
-0.383131105292,0.444801968215,1
-0.428256656227,0.223890983923,1
0.887312966249,-0.521816064696,0
0.387526873939,0.245979103059,1
-0.796243711128,0.457993117089,0
0.339996716598,-0.346278734133,1
0.849069769457,0.538963812285,0
0.964670471023,-0.244523702511,0
-0.144757509984,-0.4290905793,1
0.924938077347,-0.558034324488,0
-0.0830355754253,-0.401721941218,1
-0.518901769859,0.828352127384,0
-0.472368320913,-0.152545923287,1
0.144183973839,-0.514708418798,1
0.759733765052,0.580026964629,0
-0.0832481091193,-0.516938832031,1
-0.377584810224,-0.101165668095,1
-0.566036815842,-0.109835725872,1
0.992399872117,-0.12332078117,0
-0.840119649307,0.429612871377,0
-0.685880148326,0.78809880783,0
0.529327404436,-0.110224291288,1
0.259844660616,-0.452672383299,1
-0.958376796618,-0.414802412501,0
0.824506934204,-0.638513890987,0
-0.153931603565,-0.445756725253,1
0.375500940036,0.319823013596,1
0.742471181706,-0.779074604843,0
-0.23464697842,0.963391944989,0
0.569329526051,0.860229187689,0
-0.548754747953,0.854653347631,0
-0.76135496548,-0.599879409016,0
-0.606494431831,-0.744893761226,0
-0.328714115974,-0.429375616999,1
-0.456053426682,-0.0143485025643,1
-0.455255252634,-0.329657393263,1
-0.939501639849,-0.210903755345,0
0.168202490027,-0.42694805002,1
-0.703190340575,-0.841208311968,0
0.379567056237,0.229725026665,1
-0.448650925653,-0.0179594742507,1
-0.872524819473,0.581326959184,0
0.148384744777,0.93383188404,0
-0.185147441573,-0.44657003773,1
-0.448296574741,-0.142107432439,1
-0.0129494366603,-0.42494552211,1
1.0226388047,-0.260441702943,0
-0.538557492087,-0.176805110209,1
-0.581472127871,0.114246369311,1
-0.934865465346,0.168846870341,0
0.561205423595,0.835038518796,0
0.400505266028,0.0966185464224,1
-0.0464951955728,-0.470714320054,1
-0.0121377771128,-0.505691097765,1
-0.411406201224,0.121161070596,1
0.462313429088,-0.228927039985,1
0.9728351916,0.234987697716,0
-0.457304368246,0.158379230463,1
0.464967336579,-0.156826427965,1
-0.0620957335111,0.485103442424,1
-0.552647307982,-0.0415787881502,1
-0.222101514575,-0.475519854785,1
0.369775381829,-0.199864782588,1
0.0943467273853,-0.989756944413,0
1.06782304352,0.156398194768,0
0.166849711852,0.478228017631,1
-0.887275135531,0.426905319076,0
0.54653175693,-0.842925318944,0
-0.310430417135,-0.429742391159,1
-0.142025709527,0.566704481773,1
-0.0861835104246,0.475118718379,1
0.365276381106,0.00591554043175,1
0.127826539391,0.502243096645,1
0.572262136998,0.14999473638,1
0.28992443605,-0.219460595617,1
0.178346763976,0.416598088172,1
-0.379881003044,-0.0107763150147,1
0.0698227023762,1.04154561738,0
-0.400275747793,0.828664061723,0
-0.101306440772,-0.505731942938,1
-1.01259600464,0.0349808417885,0
1.02077605992,-0.0653613540205,0
-0.489213104191,-0.285136194223,1
0.183111982201,-0.390754702523,1
0.559358027134,-0.674810393295,0
0.414622846654,-0.105551452277,1
-0.39407998809,0.349006151323,1
-0.0455948052198,1.07537240623,0
0.397023524855,-0.238103530905,1
-0.364918867173,-0.253859666241,1
-0.2731518805,-0.306876084406,1
0.775004479816,0.473623661082,0
0.228753256212,0.518751105373,1
0.0106456544473,0.529058933516,1
-0.429019651407,0.283057765967,1
0.706140736707,0.629610495302,0
0.126368272997,0.819149507274,0
0.949676615617,0.20033926245,0
0.0675683013085,-0.559969129928,1
0.244063401725,-0.492420015832,1
-0.148396779381,0.452412306541,1
0.285182846056,-0.413810484564,1
1.03325616988,-0.209464813987,0
-0.120503000446,0.952428961355,0
-0.675949026675,0.727793497876,0
-0.374175034015,0.870121425664,0
-0.445644424926,0.180168353791,1
0.216413453448,-0.362863219186,1
-0.820399598038,0.486952002106,0
0.937118839974,0.317095107489,0
0.422926925226,-0.901848688885,0
1.0499770045,0.190900765221,0
0.257722461674,-1.011546078,0
-0.968160275479,0.366854433896,0
0.0755623757594,-0.526273436319,1
0.811124131539,0.673952102067,0
0.473287847445,-0.252332539562,1
0.601230027323,-0.710968242931,0
-0.859797622039,0.390862941861,0
0.990683828293,-0.160376059386,0
-0.575918734707,-0.823422133985,0
-0.949052981527,0.369401036422,0
0.466714497111,-0.00672161552244,1
1.00825278256,0.302494988843,0
0.402459921622,0.267238585646,1
0.105663200828,-0.840377368986,0
-0.471467057383,-0.912480511171,0
0.0585556173232,-0.965696450879,0
0.552048096531,-0.887772804384,0
-0.456560679155,0.303412319552,1
-0.081862014852,0.419341048121,1
0.424704571373,-0.204394984543,1
0.369845484548,-0.338785289664,1
-0.928810595112,0.00988096084582,0
-0.196360857152,-0.490756237134,1
-0.401644547477,-0.103337108334,1
-0.159558170906,-0.449571543621,1
-0.459467158427,0.143205814704,1
-0.251583574729,0.496016508434,1
-0.345272052923,0.320374991465,1
-0.495519525042,-0.802274171059,0
0.499667862272,0.152289089883,1
0.386201176283,-0.989972851472,0
0.613539943746,0.787810205797,0
0.435723857112,0.275134926368,1
0.467851712003,-0.125458020923,1
0.445775031607,-0.173687500255,1
0.373658348059,0.993231198907,0
0.440444132108,0.160266364296,1
-0.371041431546,0.326420652167,1
0.389234268588,-1.04382637436,0
-0.221960894456,-0.51902326695,1
0.133421601186,0.48134350095,1
0.41439574476,-0.03289692449,1
-0.345395910862,-0.954114325414,0
-0.0318213777037,0.491879153123,1
-0.495718573451,0.976707261433,0
0.0222427894199,0.906794707298,0
0.838818357242,0.219246939539,0
0.903950604426,-0.327666645169,0
-0.871873378154,0.384622055993,0
-0.0521994766253,0.432351775404,1
-0.44757568017,0.35559649944,1
0.0315017062857,-0.557724399734,1
-0.899289770454,-0.404901860432,0
-0.0247091695207,-0.404761177117,1
0.819481519067,-0.542842835547,0
-0.466510271408,-0.173769823835,1
0.591387059575,0.000406279751345,1
-0.856243831301,-0.669695431476,0
-0.985891770053,-0.20888173834,0
0.459624907356,0.193887923392,1
0.435632893772,-0.377699630757,1
0.562138863834,0.13381370024,1
-0.550775456792,-0.77886261404,0
-0.238157881368,-0.485919674207,1
0.441507618441,0.24744461794,1
0.00458179877165,1.0053803098,0
-0.154733317242,-0.915867079004,0
-0.133553565876,0.519154481742,1
0.476787187263,-0.0574467522653,1
0.269740534961,-0.901092259414,0
0.189415874864,0.481303981692,1
0.150224219127,0.434183772626,1
-0.296816934143,-0.910170597214,0
-0.177719374607,-0.419771045298,1
0.240997572894,0.408538648997,1
0.423208070212,0.955992108336,0
0.236515064373,0.52965818578,1
0.257677859996,-0.377318096595,1
-0.242583781915,-0.941408288371,0
0.521789200958,0.900018803686,0
-0.906659778444,-0.42795668926,0
0.951282535902,0.317885703942,0
-0.586552467028,-0.720720031035,0
-0.740871938109,-0.683134372555,0
-0.406739013694,0.958840694884,0
-0.811500231518,-0.737583522277,0
0.487744709967,0.84800689483,0
0.177623163675,-0.469128032059,1
0.434122585286,0.117945236375,1
0.479819571595,-0.37100387775,1
-0.290814417355,0.400755079058,1
0.351857507586,0.306792169818,1
0.463441401285,-0.0502533485328,1
-0.324079619904,0.37430933799,1
-0.117405826837,-0.524739559828,1
-0.924669226427,-0.227725279401,0
0.0727778029426,0.571354575108,1
-0.287283828498,0.338812423384,1
-0.442956491554,0.13648638684,1
-0.781041307816,-0.601818500274,0
-0.293798995732,-0.93404510275,0
0.814498473736,-0.577574357991,0
-0.834643181341,0.66556261429,0
-0.265206335873,0.995701970614,0
-0.259236460526,-0.41423012232,1
0.351052522414,-0.982711777174,0
0.493346528755,0.857477537677,0
-1.00507061801,-0.195236846509,0
-0.83428727624,-0.563897942554,0
0.39011921009,-0.24236893676,1
0.389638771919,-0.324919220438,1
-0.351557835717,0.237930311752,1
0.118872088232,0.982835306029,0
0.521015774812,0.827616988805,0
-0.131303296576,-0.461824025422,1
0.0351789153461,1.00636152482,0
0.467572137072,-0.130850038155,1
0.390741835897,0.341793586246,1
0.0853036706352,-0.45069072317,1
0.592921746966,0.0621975079239,1
-0.624088731101,0.705501018331,0
-0.818939638824,-0.704814839171,0
0.547212396888,0.0135454335773,1
0.797712799383,-0.596760743128,0
0.0573033717163,0.513814238525,1
0.652786444277,-0.807719997547,0
-0.512424502868,0.0184481890928,1
0.491526583074,0.055870249393,1
-1.00518480151,-0.0351608260124,0
-0.413617425976,-0.226924173746,1
0.0240141408189,-0.976709948669,0
0.0982271041787,-0.57412488094,1
-0.567936164192,0.727245528661,0
0.182260044785,-0.960215587946,0
0.570926585575,-0.0341822935742,1
0.281597384925,0.37375728686,1
0.290006687215,-0.38816981347,1
-0.433095838521,-0.0166393036813,1
-0.797852279151,0.62553758015,0
0.439825415202,0.344807122728,1
-0.608196036758,-0.757992387791,0
-0.505121976136,0.120790712564,1
-0.955126207674,-0.195536130982,0
0.56333079239,-0.00739590496482,1
-0.0301409147024,-0.496778814,1
0.438608682366,0.116650665476,1
0.268458507292,0.902360406027,0
-0.945282104842,0.457189781568,0
0.9108196155,0.488892070933,0
-0.0580273495388,-0.453490973647,1
-0.0114442043455,-0.531261758887,1
-0.162726542457,-1.10496934543,0
0.124999755611,-0.466382185848,1
0.603763619471,-0.833155461877,0
0.115461886044,0.355734691632,1
-0.991749257618,-0.249455113826,0
0.349901079933,0.280815534697,1
1.02865144428,-0.204672291976,0
-0.943613217291,-0.383883830754,0
0.142180637165,0.4877855866,1
0.16582670948,0.96790253136,0
-1.0561085701,0.211593692916,0
-0.897807489751,0.374494055548,0
0.572959596382,-0.802602344279,0
-0.993888696777,0.216028275003,0
-0.399131975937,-0.310439301018,1
0.37690486929,0.312290905588,1
-0.416676425138,-0.175248405677,1
0.438105277834,-0.882037099567,0
0.334743359787,-0.402062875055,1
0.264434144366,-0.407715042919,1
0.400873597241,-0.34603062127,1
-0.447157799625,0.224189458861,1
0.48873130535,0.270399801,1
0.231556707088,-0.433372042242,1
-0.640551280325,-0.662224965046,0
0.844641166092,0.548529047384,0
-0.268984205355,-0.383382035895,1
0.410811775035,0.952612658312,0
-0.213997367983,-0.933860101958,0
0.965502425891,0.360007651805,0
0.925742720772,-0.00636824212055,0
-0.533129375862,0.163954632527,1
-0.932858791483,0.582267471128,0
-0.229323684896,-0.457570488612,1
-0.165174711551,0.953488511371,0
0.274638455825,-0.461312757448,1
-0.556881619496,0.245871900442,1
-0.0167694174684,-0.545826690517,1
-0.840359366556,0.4719522949,0
-1.03146468218,-0.0609369797165,0
-0.45536103367,-0.19992464343,1
0.93405882566,0.03981457757,0
0.204068758639,0.453257431769,1
-0.679644900118,-0.673396570576,0
0.263829575643,-1.021346267,0
0.253806046846,0.447775175629,1
-0.998237647508,0.376108525204,0
-0.527191968354,0.95808344418,0
-0.518317802671,-0.827530843415,0
0.354407094268,-0.989743963622,0
0.954923470693,-0.139953212123,0
0.213051861537,-0.993383208263,0
-0.119652970226,-1.06258420396,0
-0.346156715669,-0.506885778544,1
0.674880262869,-0.772286360517,0
-0.170068801305,0.965503282837,0
0.632300072647,-0.653359333318,0
0.160896361555,-1.09429427103,0
-0.0666040102282,0.431464096777,1
-0.379645798823,-0.829360099969,0
0.512065332295,-0.874686144679,0
0.951736147364,-0.0982794928263,0
-0.337888269781,-0.977814065224,0
-0.352412011686,0.417285772479,1
-0.410159836263,0.142558128604,1
-0.156189179054,0.946735404735,0
-0.241815363339,0.969581621462,0
0.937485410886,0.440005075433,0
-0.422756164326,-0.391303477877,1
0.35758186389,-0.230440316328,1
0.842280007131,-0.529875585623,0
0.246257260474,-0.52150786038,1
0.456358434139,-0.182631645324,1
-0.267296285247,-0.4894755204,1
0.502227062454,-0.131982212666,1
-0.558431861667,-0.204350136643,1
-0.138555851297,-0.521986058308,1
0.0288979115016,-0.978722907529,0
-0.098338303514,0.3765508959,1
-0.0987048795118,-0.940613164125,0
-0.46140215867,-0.043451534998,1
0.294961535197,-0.472612319194,1
0.0865883305747,0.585462864844,1
0.229058452956,0.917178320837,0
0.087547428124,0.514194819033,1
-0.498535201692,0.0418328793406,1
-0.491411021931,-0.0249050053503,1
-0.993581040768,0.0918695682504,0
-0.458488416492,-0.861067100412,0
0.34966937065,-0.91699429626,0
-0.610617885428,-0.761694957773,0
-0.329368224048,-0.336406367811,1
0.0403451164843,-0.446944350693,1
0.690318542268,0.673009588044,0
0.913573735478,0.610855520636,0
1.08891079079,-0.0901305792551,0
-0.80428157192,0.626637612505,0
0.102517635528,-1.01758437886,0
0.468987068188,-0.175599355129,1
-0.402781199417,-0.227403135192,1
0.874854090019,-0.354976473504,0
-0.578502124506,0.807872344834,0
0.52733927599,0.0364861651416,1
0.412021308003,-0.383408275495,1
-0.122278490245,-0.43983819984,1
-0.0406167046479,0.984997855086,0
-0.530258814285,-0.00412433122297,1
0.537161247449,-0.89460207465,0
0.167961890868,0.488657633485,1
-0.974057929583,-0.0924856203726,0
-1.01469887602,-0.100446646474,0
0.034194526707,0.395754784273,1
-0.23662270394,-0.383412310443,1
-0.382251015264,-0.881129096586,0
0.011003557912,1.0658236597,0
-0.433764947882,-0.279921641786,1
-0.766882932074,-0.571027045308,0
0.111893659487,0.547214911335,1
0.397967640688,0.260398145071,1
0.371684238096,0.986477357457,0
0.742920280408,-0.663816422959,0
-0.369170342768,-0.264930073974,1
0.400764960523,0.078005838378,1
0.395834960195,0.826102556685,0
-0.51189522024,0.183049301108,1
0.972207890386,0.228544007899,0
0.140972879941,-1.01998047403,0
0.265186449411,0.436659167902,1
-0.00519220710599,0.503539629762,1
0.0217109189791,-0.54174667058,1
-0.364504321839,0.380344364874,1
0.731740724169,-0.683985718044,0
0.96667117463,-0.439206623133,0
0.503633520441,0.853790143335,0
-0.314014461848,-0.37622753373,1
0.416125514002,-0.923356205274,0
0.227367863123,-0.959218684463,0
0.213015780425,-0.413306277688,1
0.709464294176,0.63840125927,0
-0.983375871487,-0.200637821075,0
0.012759275457,0.985572779341,0
0.958268438491,0.400668732127,0
0.274534209125,-0.451463957301,1
0.422014242476,-0.907611722464,0
-0.454387125155,0.876170892643,0
0.233758207935,-0.936097370973,0
0.0765839753968,0.983077867555,0
-0.461512958383,-0.270931887563,1
0.356540258567,-0.291185691849,1
-0.833706833145,-0.584255982196,0
-0.800674556143,0.475519190577,0
0.0344748366871,0.987030264048,0
0.176875523417,-0.472657072876,1
-0.593212437841,0.685013301169,0
-0.230239383595,-0.489633757719,1
-0.457700170982,0.181925650317,1
0.6777737646,0.634474635227,0
1.0391052482,0.0629410840659,0
0.50611322973,0.0671451267103,1
0.343961436587,-0.927823660687,0
-0.594401608458,0.684122338555,0
0.392925557985,0.0302236550085,1
-0.944004652103,0.373194444102,0
-0.0879491955065,0.429735471334,1
0.441230104154,-0.358970851688,1
-0.451443972731,0.386788071345,1
0.389818008419,-0.417205128477,1
-0.24202546471,-0.435130520765,1
0.57476402139,0.840231834822,0
0.709082902686,-0.550051909425,0
-0.166504056098,0.474380743817,1
-0.304216649492,0.945864840595,0
0.760551478917,-0.632466367055,0
0.861129611816,0.387687750849,0
-0.963265196101,0.135719756736,0
-0.358340819455,-0.952255030386,0
-0.907668994858,-0.483030609622,0
0.341974152366,0.430014166871,1
0.181022388456,0.996724007383,0
-0.450132405558,-0.900837832177,0
0.884896421986,0.318111936503,0
-0.418319883712,-0.284847310498,1
0.497341127758,0.0946610777732,1
0.386186929914,0.372090797829,1
-0.289134969727,0.358673619035,1
0.566605750734,0.0507176808662,1
-0.367607853713,-0.370899015458,1
0.517270585228,0.840208376444,0
-0.430791815216,0.219683830727,1
-0.686535489071,0.820223587759,0
0.471420540619,0.0930445203158,1
0.454536225942,0.847287035779,0
-0.460243989576,0.0273611232189,1
0.525562717725,0.774320089756,0
-0.892114717258,-0.386478466785,0
0.170608515717,-1.02123394605,0
0.0230560554598,-0.45835907351,1
-0.128791831524,0.396303423564,1
0.822148095334,-0.616413902912,0
-0.00503425440878,0.582430380214,1
-0.346867235698,0.329517003686,1
0.39591977999,-0.786064017904,0
-0.899525161822,-0.450184087158,0
-0.369730904004,0.930888462304,0
0.110796769337,-0.94400021659,0
-0.145869840914,-0.409672824949,1
-0.0436310428096,-0.448179441573,1
0.604009326058,0.722265296436,0
-0.393424068674,-0.282280744236,1
-0.0672333224558,0.520026704519,1
0.537099663488,0.155921284606,1
-0.725564436868,-0.642205788133,0
0.218019754043,-0.421371008741,1
0.00304015552129,0.48228611694,1
1.00803122077,-0.162968806884,0
0.224717639272,0.35013553285,1
-0.266529704909,0.413013572184,1
-1.02746995618,0.319452418565,0
0.67278618597,0.755010911727,0
-0.13205363239,0.515524552928,1
1.00208502167,-0.288242319129,0
0.284233939744,-0.406073183438,1
1.03912809873,-0.362188325041,0
-0.0790256185858,0.524730680979,1
0.0235772449696,-0.488826455935,1
0.424383683517,0.209270320641,1
0.40286723562,0.357227227338,1
0.592208691743,-0.798102297965,0
0.569393864631,0.102942892107,1
0.101376248763,-0.517983880356,1
-0.126097720479,-0.96700021052,0
-0.853885613009,0.631194569973,0
-1.02680308438,0.147797645599,0
0.257786293371,0.321503001942,1
0.540935940779,-0.0184953744707,1
-0.132582703039,-1.07285222964,0
0.824934616676,0.666548545851,0
0.977234382398,-0.235294351048,0
0.443330785051,-0.291212120422,1
0.285249631735,0.390648413268,1
0.0281638317179,0.930014793785,0
-0.744116440401,0.521943515175,0
0.780682185244,-0.633225335831,0
-0.211588948171,-0.373057980829,1
0.276905214183,0.913838949217,0
-0.885149234481,0.485579127063,0
0.222664915678,-1.02463273017,0
-0.927967413216,-0.283024499994,0
-0.146922148249,1.04541543622,0
0.0708749653553,0.425865648948,1
-0.430925165199,-0.238326132938,1
0.0419297744278,0.928633619599,0
0.203270083496,-0.431938961304,1
-0.189619025334,-0.487880944109,1
-0.768726297878,0.727882970139,0
0.653914907131,0.637203924058,0
-0.000319223357153,-0.594407748986,1
-0.365009198158,-0.938306973272,0
0.487129892192,0.0453600986501,1
-0.0463044832597,0.486857607025,1
0.817730626245,-0.518577499541,0
-0.319884455261,-0.268836844482,1
-0.611974430433,0.77218815722,0
0.663076223299,-0.642324575724,0
-1.00684772921,0.247498770494,0
-0.355564614787,-0.341661846652,1
-0.33358541235,-0.455815618205,1
0.438821554726,0.275949743505,1
-0.518760348437,-0.0109381080938,1
-0.481565893785,-0.0513375920402,1
0.419607738996,0.245695660266,1
0.19533593796,-0.516777481842,1
0.608842982088,-0.713250245779,0
-0.0227273614694,0.479875921476,1
-1.05834432645,-0.258539940502,0
-0.435741886706,0.230213126742,1
-0.00359853126797,-1.05485585142,0
-0.0147750557087,-1.01091803908,0
0.135307440293,0.529799449405,1
-0.940200587539,0.170023504924,0
-0.461122923137,0.183832549687,1
-0.828777191114,-0.540151024701,0
-0.371111166951,0.348651874615,1
0.998212627477,0.494151980409,0
0.219151785779,0.431577688688,1
0.889172667932,-0.300429132371,0
1.00607019977,-0.282702959167,0
-0.0418074441011,-0.553418190366,1
0.188418115502,0.419870357747,1
-0.143824021682,0.455055132527,1
0.159720453062,-0.408245110395,1
-0.359579719391,-0.346262880488,1
-0.0490143103936,0.495886862388,1
-0.366136148788,0.874031250381,0
-0.626964726556,0.806831697199,0
-0.058321160941,1.00074332363,0
0.741304818456,-0.610343538225,0
-0.822184084482,-0.668253377653,0
0.345988485231,0.338977184717,1
-0.608181126113,0.792937729466,0
-0.891093311805,0.604356365239,0
0.22144286651,1.00231617577,0
-0.750187932551,0.758839483665,0
-1.01152464366,-0.297817701315,0
0.483692130045,0.130727817516,1
-0.0257323637308,0.506207842372,1
0.384849472513,0.922875338436,0
-0.173338378688,0.536237227101,1
0.323110735841,0.506024912203,1
0.0724145869093,-0.974118207652,0
0.890105642787,0.550725058341,0
-0.565954469245,0.768984962867,0
-0.109657710876,-0.44128288776,1
-0.427020275069,-0.240118812355,1
0.190103245504,0.880746258518,0
-0.473330017192,0.0867168798297,1
-0.884105678836,0.496363913395,0
0.594294973474,-0.753997971452,0
