0.0893011423734,-0.0935806764444,1
0.119918256608,-0.198778318003,1
-0.848627877659,0.59676091387,0
0.773434044813,0.751316307143,0
0.126806911588,-0.0820725978125,1
0.79795745297,-0.51627727777,1
1.15574394467,-0.450123371533,1
-0.0495629229362,0.226067554669,1
-0.284282724213,0.926257249421,0
0.803647766217,0.678096185508,0
0.661870892146,0.792837591494,0
0.0497921164139,0.103752056158,1
0.826756528474,0.583631561839,0
0.904319032069,0.0681236608395,0
-0.933191387491,-0.00782770019583,0
1.35426618222,-0.354399227416,1
1.75373922456,-0.220600260338,1
-1.02452451359,0.25047636604,0
-0.101033199576,1.0744418285,0
0.203071956477,0.989292211339,0
-0.523508128369,0.782218900997,0
1.89146135048,-0.00743078679795,1
0.395141412053,-0.299318496968,1
0.748463591706,-0.367988119965,1
0.752400876068,0.612037065926,0
0.691540878495,0.74448113764,0
-0.843922421401,0.583236995536,0
0.97558742501,-0.567626352646,1
0.298053291752,0.981716004884,0
0.711822352566,-0.533545274934,1
1.91820274893,0.0439568102795,1
-0.313181215959,1.02929291297,0
0.0749241198594,0.395708599728,1
0.548389988211,0.773988336375,0
0.886555683948,-0.436288877139,1
0.926882919587,0.337192709363,0
-0.0195501471172,0.291061351072,1
1.4540911829,-0.330926543559,1
0.051649622792,0.306723283904,1
-0.850722519826,0.371909211923,0
0.206893918562,-0.120460034602,1
-0.985112834039,0.0363746246002,0
0.1542527168,1.01672844564,0
0.0537711924649,0.197352661746,1
-1.00871756282,0.241886703495,0
-0.00134455663851,0.232884829393,1
0.065795287101,0.0328310772706,1
0.406976491236,0.859871240154,0
0.793838062625,0.667483875798,0
-0.344905617811,0.997177899493,0
0.947352803299,0.363240248874,0
1.32295373863,-0.480779865323,1
-0.5764491948,0.807817311788,0
0.156445635005,-0.0156290078531,1
1.86963629723,-0.0411521172017,1
0.271928939666,-0.299871126233,1
-0.930069357503,0.305804645756,0
0.761292014116,-0.589978502782,1
-0.927804789719,0.254707978195,0
0.432914829222,-0.318964545134,1
-0.623845404907,0.711620996354,0
-0.904607491948,0.501029139419,0
0.57847763688,0.837470867682,0
1.83957469619,0.0691503090176,1
0.932791496684,0.0244988848388,0
1.92900715677,0.0945908387763,1
-0.370931361199,0.861172483224,0
0.0492798824224,0.998116581343,0
-0.530576378171,0.891725731651,0
0.923274889518,-0.454239040446,1
0.750318466348,0.755020061504,0
0.198833112123,-0.166530497003,1
0.0682334781525,0.987583844066,0
1.03256980706,0.0839253321073,0
1.93305672093,-0.0139174572417,1
1.49979792251,-0.337701773498,1
-0.404912215887,0.811067036902,0
1.52153560042,-0.339797317251,1
1.95257114785,0.271010385785,1
0.915605149995,0.531727461138,0
0.214812054562,0.0019630233429,1
-0.536617315819,0.93617001977,0
0.255545901594,-0.277502699035,1
0.106877852915,0.950496731066,0
-0.953420674266,0.27449403774,0
1.04356451342,0.16289533735,0
0.273271599439,0.986424430469,0
0.666288634066,0.742906568221,0
0.0750976637964,1.02674983724,0
-0.676227363276,0.65313609348,0
0.0861649411855,1.08463886822,0
1.88764825552,0.317448756691,1
0.749552793208,0.602822453995,0
1.95321634436,0.388171150052,1
0.968498213247,0.0156683234354,0
0.484624961649,0.856428154007,0
0.34127878713,-0.1073155397,1
0.390263148113,0.962503843059,0
-0.903170020631,0.416864891482,0
1.80513559663,-0.153924011501,1
1.98430005904,0.152443473255,1
0.949287030615,0.333458752658,0
0.706321061292,-0.473984304035,1
1.71855756906,-0.135615907694,1
1.38200325114,-0.340407988563,1
1.97693399201,0.271683276117,1
1.8760186421,-0.127336653518,1
0.601981129849,-0.52605564566,1
-0.0325746025319,0.303132380197,1
1.52802040638,-0.338506979418,1
0.886869925986,0.544119616067,0
1.7963080557,-0.187643004561,1
1.18770256089,-0.574988296823,1
-0.937724778752,0.495917673433,0
1.80809545394,0.081811500966,1
-0.907747577591,0.314619434607,0
0.623782985005,0.814587799517,0
-0.966408578065,0.191440029996,0
1.39892201546,-0.419691853453,1
-0.934400640763,0.439010180305,0
0.614253099052,0.817532527925,0
0.431578624926,0.869584407287,0
1.96039229885,0.109326335443,1
0.0452580567064,0.348918744819,1
0.495106301723,-0.512629473649,1
1.83517399289,0.114539081944,1
0.639941208025,-0.459151491178,1
1.71254730782,-0.282956921944,1
0.960292669762,0.105343302754,0
-0.185618846066,0.984700212248,0
0.689020906842,0.686909481042,0
-0.869874539403,0.530385549244,0
-0.38491925354,0.911937532071,0
0.678643989967,-0.391903111015,1
-0.421454337057,0.832472914603,0
0.549491966463,-0.418236427142,1
1.81056083384,-0.0358998073202,1
-0.743185890941,0.579885197679,0
1.8052938917,0.0413649245654,1
-0.488618266169,0.965449083724,0
0.109966058917,-0.00324197860816,1
0.254543672089,-0.145153830138,1
1.25049968169,-0.492095923457,1
0.513162492868,-0.507491991668,1
-0.0405486985206,0.444615789509,1
1.00503732931,0.0494022432973,0
-0.176573830628,1.02906781126,0
-0.00833558738356,0.30536398449,1
0.352448006242,-0.233794369964,1
-0.456760269928,0.820564666774,0
0.608481530471,-0.632987502236,1
0.533017662972,-0.361334580576,1
0.57182703683,0.889467416932,0
1.70689940248,-0.255027018837,1
1.25950561059,-0.490173320126,1
1.26275864702,-0.491811954208,1
2.01730793098,0.451135566486,1
1.64180726727,-0.312635284348,1
1.02070464041,0.0810142602017,0
0.029332729787,0.0127204944561,1
2.05224692489,0.286647381109,1
0.117709482675,0.050831145157,1
-0.688932992431,0.731363716957,0
0.297870031126,0.930767730313,0
0.84446315696,0.537891550481,0
0.640967930109,0.698170754405,0
1.77913732787,-0.129816099021,1
-1.02110764119,-0.00228615690911,0
0.775106455687,-0.502237862764,1
-0.357682006807,0.947540964987,0
0.465118533045,-0.317653204388,1
0.508350811773,-0.387737852819,1
-0.997222402605,0.214538636956,0
0.859089860197,-0.461978231114,1
0.919329765258,0.294289460627,0
-0.971515345915,0.294203756,0
0.989539780401,0.0327183750674,0
1.5429044051,-0.351610929067,1
1.14918960658,-0.446013670443,1
-0.984191128442,0.290505770805,0
-0.890263112924,0.395515507234,0
0.4125585343,-0.257989509862,1
-0.65954086546,0.787072908306,0
-0.0399594806104,0.335018481217,1
-0.885128419614,0.512180422458,0
0.446639475843,0.901661998011,0
-0.863878337497,0.477683599004,0
0.0391650037343,0.197261760387,1
1.32187962245,-0.557575982198,1
0.928356868555,0.104007835444,0
-0.597432979139,0.729038715259,0
-0.906621471374,0.436832313225,0
-0.0769695115321,1.08496085048,0
0.109004801758,-0.00987007979275,1
-0.01624718057,0.257529433986,1
-0.766613111742,0.714267461837,0
0.683175675623,-0.383808776374,1
1.85572718469,-0.124671324942,1
0.654253602022,-0.529708155492,1
0.192779518954,0.879095630441,0
0.842088192942,0.542524457717,0
0.319910851587,0.841060298623,0
-0.891858982854,0.631609834626,0
0.674278972118,0.719251013862,0
1.27936475616,-0.41757530292,1
1.99804105047,0.358961662927,1
0.866936897629,0.563981928657,0
1.61226297635,-0.439070498868,1
1.88727731274,-0.0537893439416,1
0.484905557594,-0.433034768553,1
1.31673124953,-0.408772791839,1
-0.831670231166,0.470846717216,0
0.692084817118,-0.391650151837,1
0.897190220755,-0.586408341839,1
0.948635760214,0.453445519759,0
1.02103484302,0.171213382775,0
1.10365121899,-0.474592492038,1
0.0557790924309,0.318181674974,1
-0.218820982293,1.0606854649,0
1.72584775783,-0.253046548206,1
1.64803591721,-0.34395044097,1
2.02910635455,0.424501244552,1
0.219958876341,-0.0736503469518,1
-0.841665073148,0.540526972179,0
-0.427337370203,0.794605757544,0
-1.02397763481,0.173350793334,0
0.766349785828,0.558913591527,0
0.0507825011142,0.289746417978,1
-0.624406410952,0.865916767235,0
1.89247322391,0.0346185963116,1
1.93680531059,0.173470949272,1
-0.8080828021,0.622461082475,0
0.902517767023,0.409549995358,0
0.904744383192,0.490878880616,0
-0.00586078366671,0.990991653092,0
2.04173734922,0.403350371246,1
-0.735615438617,0.695831566224,0
0.066411547102,0.358959445365,1
0.316363328914,-0.237721137201,1
0.95953875013,0.172687387219,0
1.77829104339,-0.181714593229,1
-1.0845237496,0.304530503554,0
1.36094887392,-0.469324794822,1
0.126308673869,-0.00746250668447,1
-0.708894317309,0.78826446521,0
0.733758652366,0.69118675044,0
1.19742244882,-0.498718984514,1
-0.743229448623,0.682653633555,0
0.640571335484,-0.406277056756,1
0.611144398817,0.659538039946,0
-0.198284727325,1.04533563857,0
1.70400325378,-0.298470545129,1
1.41418956471,-0.428293963304,1
1.99860663497,0.476547387645,1
1.50305635815,-0.451102571188,1
2.00723401338,0.217665554438,1
1.0314057548,0.0415645152103,0
-0.976559546573,0.423672392072,0
0.193276539436,-0.0416506562674,1
0.367244405022,0.922442623707,0
1.94246234372,0.0307886290711,1
1.72600900839,-0.20818963078,1
2.00706358509,0.348440583794,1
-0.0641634928107,1.06812243753,0
-0.255560858196,0.957927527231,0
1.89011469034,0.168088313789,1
-0.154325359525,0.931600354139,0
0.523075034219,0.851726033071,0
1.96734310458,0.385651163853,1
-0.47586589864,0.897936224632,0
0.720717237703,0.710223414082,0
2.05642295368,0.407674095829,1
0.633358988619,-0.446904344779,1
0.876322043071,0.501707276023,0
1.52613253245,-0.353873980375,1
-0.945914409299,0.0968421274184,0
1.14607481993,-0.475693956535,1
1.63172803048,-0.272642487112,1
1.05962172608,0.121259481126,0
-0.529086289771,0.952898608498,0
-0.757389295713,0.449414916552,0
-1.02867077864,0.23178515521,0
0.798171000077,0.658453642203,0
0.342944689933,-0.292695018304,1
0.0674280943076,0.355602905404,1
1.74680040881,-0.0621954311301,1
-0.278665208281,1.0146938504,0
0.606298576675,0.791845459773,0
-0.53831762582,0.881044123806,0
0.45725879138,0.789782768352,0
1.71834603744,-0.188316510099,1
0.894481527579,-0.440977797707,1
0.819698149267,0.67511292982,0
0.378634740628,0.964025508162,0
0.667262754298,0.650842553918,0
0.457263447192,-0.309153679643,1
1.07674219141,-0.482774404387,1
1.02497877026,0.204294344701,0
-0.0814117213004,0.963290864206,0
1.32886868917,-0.421269370613,1
1.03055118316,0.135167008645,0
0.481306133839,-0.286143772323,1
0.309633291518,-0.209864690321,1
0.902500513953,-0.516950918102,1
0.217373103142,-0.244877146952,1
1.69361938381,-0.169221529024,1
0.934570883773,0.0934230418086,0
1.7087946,-0.217882897395,1
1.46945153519,-0.370056822415,1
0.341685445599,0.94830114039,0
-0.654962520771,0.858729389325,0
0.172653232593,0.00126109053629,1
1.76633224919,-0.165310070041,1
0.0506661967893,0.996327661881,0
1.89230252601,0.28278026626,1
1.79341527516,-0.22528480894,1
-0.908518830493,0.135107491022,0
0.227515290491,0.0636815325163,1
0.650560739656,-0.452393609853,1
-0.875826466745,0.263284969307,0
0.0157000738482,0.410496296999,1
-0.679265225153,0.632286526062,0
0.732497072912,0.617721426965,0
-0.961887995223,0.303236914051,0
-0.861523069568,0.359634930501,0
0.967188689323,-0.0578614942981,0
0.839050538792,0.641192145905,0
1.70651868888,-0.0932821761011,1
1.67287021066,-0.203411635805,1
1.92455061829,0.448891556453,1
-1.00662312398,0.124398575952,0
0.825325371147,0.640080083527,0
2.00068562526,0.342995153055,1
0.39874997569,-0.314088171099,1
-0.0392053736915,0.988895769346,0
-0.0259816231221,0.465123344683,1
1.99059589988,0.410940511669,1
0.125496015418,0.0827268562004,1
-0.473858492262,0.884772064874,0
0.402982900134,0.894830675762,0
0.794580672597,-0.386830347165,1
-0.78918226451,0.655781096906,0
-0.933675880891,0.181890750943,0
1.9865950112,-0.0248489302763,1
0.873924753291,-0.470601582744,1
-0.888296725674,0.269526466617,0
1.36140889115,-0.473898285547,1
-0.586802729552,0.792928723713,0
2.00449082345,0.327792868949,1
-0.823943434419,0.511574535848,0
2.07114893193,0.452785213482,1
0.153339702899,0.0357125816856,1
-1.00159305091,0.112260071619,0
1.78408259573,-0.124013502407,1
-0.739947452385,0.614841904642,0
-0.861706619771,0.403624477034,0
0.614873606634,0.73198524446,0
0.953507563948,-0.391910134017,1
-0.196917199197,0.918814453152,0
0.180765988699,1.08640722198,0
0.75936426609,0.573297811078,0
-1.03828481523,0.282956915953,0
1.4191128258,-0.407479381393,1
-1.0406865392,-0.0103857853162,0
-0.834666771276,0.588643975983,0
0.832011913464,0.55190741961,0
1.34554329328,-0.440895942521,1
-0.0430138876214,0.420538394509,1
0.496082659989,0.887395990397,0
1.50079251649,-0.341665847806,1
-0.994541562656,0.0999772811936,0
0.106667699774,1.01234555502,0
1.15271480891,-0.496893202456,1
0.723833798593,0.653184238859,0
-0.0141686222685,1.01849605374,0
0.858387800579,0.447792309083,0
1.73402801217,0.00691559671024,1
0.0748876874542,0.107493966009,1
0.0852652267652,1.02711776466,0
0.981172271548,0.148727224351,0
0.0426613958226,0.182882558317,1
1.5475035216,-0.252209348253,1
0.924621712786,0.0514399077561,0
0.299707170122,1.00162616904,0
-0.466538426883,0.910112710199,0
1.41442667201,-0.35606538862,1
0.0504061259349,0.898253956812,0
0.530900465616,0.862726185337,0
0.719583268085,0.826601998286,0
0.7952844049,0.578528157605,0
-0.532421431587,0.852882470452,0
0.819671297128,-0.514785194304,1
1.48147358697,-0.437922987611,1
0.731903384619,0.635028564197,0
0.42466293695,0.972585310077,0
1.0438374548,0.195995355798,0
-0.279887100969,0.929443660286,0
-0.516999594852,0.871160469394,0
1.55497612992,-0.329676775925,1
1.57976788789,-0.311420277864,1
0.951725235542,0.168889968949,0
1.20700249187,-0.51598484772,1
0.78520090185,-0.484925643732,1
0.710100606,-0.445720427805,1
0.575517560405,0.801127222929,0
0.615495632946,0.735803044345,0
1.88924708077,0.290439630419,1
0.0557858062492,1.03023110779,0
1.48813806138,-0.283247707127,1
-0.838090313551,-0.0403168554825,0
1.05021760756,0.0947228484693,0
-0.382007796815,0.960819071907,0
1.74103818194,-0.137804894635,1
1.93938940772,0.216753184646,1
2.0072142726,0.103332299566,1
1.97671590692,0.0961233962042,1
0.320717486442,-0.186822078126,1
-0.809821572923,0.558627670357,0
0.6357327073,0.704358693765,0
0.0376814993151,1.03124014007,0
1.03277287768,0.409463362776,0
0.298878653369,-0.352636526621,1
-0.631406017284,0.870825374197,0
1.40266672393,-0.449637208375,1
-1.05503839595,0.206075945453,0
-0.655406011511,0.722613564855,0
1.44080701702,-0.290285742215,1
1.97525423741,0.217291907322,1
-1.00480191681,0.0944698874984,0
0.758282831885,-0.415579958592,1
0.153184039893,1.0534029073,0
1.14628446536,-0.447474026792,1
1.5398957206,-0.402536618322,1
0.980302420151,0.170371226255,0
1.95863529899,0.348964141512,1
-0.308507572247,0.926795548282,0
0.0211739448625,0.454536182563,1
0.0838294671266,0.334525960929,1
0.687834732164,0.718047908671,0
1.13484111688,-0.494406480632,1
0.882230487504,0.407346217356,0
1.93260890442,0.061947179996,1
0.896289961517,0.437967006538,0
1.71119512374,-0.143436887046,1
1.86157552123,0.110753959333,1
2.06377118793,0.373429063038,1
-0.145037482398,1.04788722633,0
1.97634087074,0.239289591636,1
-0.603829129938,0.783140079707,0
-0.538396527631,0.788464642309,0
-0.895815342194,0.514494606334,0
0.525570456655,-0.404505537755,1
0.724764424802,-0.502769467384,1
0.957796738264,-0.533717832507,1
0.26859806798,-0.254633657242,1
1.03281335596,-0.50762751836,1
0.212469402302,0.8882995835,0
0.925514797643,0.0450176934459,0
-0.820344048144,0.49094657666,0
-1.02243683808,0.250061506976,0
0.491483474781,-0.322566968163,1
0.535945911479,-0.359395612233,1
0.712575516257,0.686571111754,0
0.317133635795,-0.26277614199,1
-0.70904218106,0.689014617509,0
0.601206337805,-0.404221965359,1
0.512030102117,-0.368784394369,1
-1.06390042109,-0.0510529334576,0
-0.782874055655,0.638819149708,0
-0.210793123834,0.883208871504,0
0.430642202013,-0.370537079488,1
0.800958054639,0.441383971039,0
-0.37992072059,0.906904411268,0
0.960551944965,0.432284781008,0
0.395174089564,-0.329660976826,1
1.94755135644,0.211649922879,1
-0.971553134973,0.0603755458716,0
1.62899036974,-0.396660263389,1
0.953427664407,-0.611342369271,1
2.01411532918,0.181886364218,1
1.70395469459,-0.214179988983,1
-0.00404516166968,0.325491948822,1
0.141822023588,0.985932951971,0
-0.709044237571,0.575468903465,0
0.915699757234,-0.499854754034,1
-0.736270786551,0.586591577298,0
-0.671681451525,0.611525764745,0
-0.685505989713,0.61175045024,0
0.940902132385,-0.543675561629,1
-0.458575745,0.926960433654,0
0.948040937089,0.0181297122159,0
0.902113169624,0.523237873701,0
-0.113301621329,0.957611543972,0
2.01094843607,0.413582296048,1
0.987363281127,-0.488561356435,1
0.370420448783,-0.259595506453,1
0.392424855135,0.861625502312,0
0.219483207175,0.957113218785,0
-1.02017849613,0.0425482598724,0
0.974283471742,-0.010617762336,0
-0.0196051263633,0.218659904867,1
-0.601978224196,0.780847824434,0
0.992998941525,0.359502542484,0
0.236620014247,-0.0471120130959,1
1.01076085422,0.0782883038349,0
0.538036252196,-0.427359557095,1
0.758359063174,-0.433547607142,1
1.83898999223,-0.0188925345135,1
-0.929189645355,0.50048165226,0
-0.611486919159,0.716345757713,0
-0.960533855888,0.0867486869585,0
1.94700116325,0.111375713816,1
-0.5639883506,0.818485645162,0
1.83936226732,0.00875765321679,1
-0.908143753683,0.434284559682,0
1.09749171966,-0.572289013155,1
-1.05617949993,0.0672665469563,0
0.859660045469,0.393129770871,0
1.66136561585,-0.234250266267,1
-1.03632064501,0.309105374682,0
1.42892109435,-0.477370145337,1
0.383498305196,1.00132933509,0
0.294003019801,0.911867737734,0
0.918543946345,0.456227832777,0
2.00336342278,0.2373503684,1
1.89300800454,-0.179220828482,1
0.0486456022876,0.0961980124105,1
0.378936100808,-0.272545087906,1
-0.13803663159,0.95076471283,0
0.818015197273,0.600792092973,0
0.244671626148,-0.181946626817,1
-0.582007322906,0.726943375516,0
0.356591759578,0.993686342604,0
1.98066994646,0.467344036592,1
-0.108156871036,1.07273318039,0
-0.0578522695516,0.452543934305,1
1.97361060513,0.0993088756863,1
1.07993529691,-0.53303870027,1
0.902884521645,0.129876296268,0
1.08171573338,0.124305066558,0
0.909761864183,0.16648645197,0
-0.836433907328,0.678830672548,0
0.213155583889,-0.0343630561088,1
0.906887540903,0.196123985004,0
-1.00565040217,0.0957492145923,0
0.0626055969613,0.161793726958,1
0.492155207866,0.790880551142,0
-0.796826119286,0.668563272475,0
0.376313666732,0.885207896874,0
0.866610022088,0.325552175563,0
0.888747379623,0.541540979526,0
0.699624502727,0.816326404604,0
0.109164874136,0.978580543745,0
0.938190415337,0.0983836905118,0
0.965351204588,0.239356382531,0
-0.576946349495,0.804958845519,0
1.5744242327,-0.314954513418,1
-1.00791597916,0.54451068031,0
0.138785747081,1.05187189244,0
0.761803250114,0.636836721324,0
0.611991196134,-0.449045767789,1
0.385247669853,-0.404890895539,1
-0.929075854111,0.602153866973,0
0.849584805626,0.560028713552,0
-0.807910526482,0.565804799214,0
0.641823567345,0.804955712031,0
1.39406078401,-0.502404374986,1
0.183060725627,1.02250821655,0
0.208593799074,-0.0165641130973,1
1.93034667029,0.249759152306,1
1.01490646356,-0.47231530143,1
0.646688587856,-0.425738188936,1
-0.960478611897,0.055453735163,0
1.99328394298,0.268097573785,1
-0.788664798149,0.612425294201,0
1.60155138327,-0.311230615321,1
1.80413031866,-0.0825815606026,1
1.15720628698,-0.420819001877,1
0.174383866054,1.02000679733,0
1.453669023,-0.43474242189,1
0.37580211182,0.893129100411,0
0.921838007203,0.00957448943861,0
0.543581285483,0.837739322939,0
0.476923838276,-0.254375556628,1
0.549566693838,-0.377794044012,1
0.594654848896,0.822631713492,0
-1.02622914441,0.0340909945393,0
-0.814378700175,0.681331184355,0
0.392783514018,-0.237840016505,1
-0.283435842852,1.00049387962,0
-0.519665881467,0.822989032715,0
0.463563149465,-0.452418041145,1
0.918513072988,0.142761406553,0
1.61010375725,-0.327885973606,1
-0.457233819734,0.846061845632,0
-0.978179037297,0.520766613869,0
1.86513395393,0.0502147773143,1
0.971952052923,0.117100277433,0
0.983593829539,0.291121691839,0
0.577862190117,-0.484508502325,1
1.309559345,-0.443138055742,1
0.80465462112,-0.495946308173,1
1.99382565862,0.403653582903,1
-0.205915721729,1.01186494866,0
1.59931034012,-0.327973098703,1
1.92676489395,0.366280818979,1
-0.937493833422,0.31945624231,0
0.63327111179,0.710247330317,0
-0.247368749162,0.933169075541,0
0.158450878306,-0.0699671046002,1
1.02293982187,0.255651037548,0
-0.863414516816,0.537106419215,0
-0.881814440422,0.318182401153,0
-0.843249595987,0.541428563754,0
1.94931290755,0.171663390241,1
0.936754016571,-0.586596474298,1
1.15782894474,-0.414796574812,1
-0.928077369869,0.354829596248,0
-0.853178148759,0.354018777089,0
0.652252851447,0.898527396977,0
1.53814171541,-0.320504547697,1
-0.669423255103,0.602163937829,0
-0.677866639427,0.832048097712,0
1.14750145776,-0.517024606823,1
1.76378432742,-0.0412029940662,1
-0.98127539162,0.331417652626,0
1.57987213558,-0.326726448161,1
0.33016809876,0.871142614418,0
1.13130810406,-0.477387777113,1
-1.01791342209,0.145691571653,0
0.245297062556,-0.192363370052,1
1.60277184151,-0.293382883524,1
0.743375422053,0.642698420216,0
0.27592055807,-0.200300637274,1
-0.855255920593,0.475145881457,0
-0.682504532743,0.724375290537,0
0.828250690248,-0.520586442465,1
-0.880953533736,0.437511051608,0
0.0491105323221,0.35262958255,1
0.0387633702526,0.929201166739,0
1.4306336044,-0.51866747179,1
0.922629419381,0.337184911282,0
0.902808051153,-0.565961788476,1
-0.952932992778,0.0930921106292,0
0.37146407696,-0.280563163478,1
1.94733464063,0.133941853276,1
-0.851902491816,0.681236717404,0
0.436072111575,0.862074404865,0
1.0713975809,-0.5425358285,1
0.508972451154,-0.416018446915,1
-0.913964024104,0.127818266003,0
-0.326985220857,0.98535751996,0
0.00330290872144,0.355782658348,1
0.553734639685,0.831174270842,0
0.0428511635121,0.456198351047,1
0.292147869681,-0.179278328085,1
0.571940128468,-0.420641736137,1
0.243128926691,-0.163841232389,1
0.039210494562,0.215858834825,1
-0.950252230747,0.414884946025,0
0.525494906082,0.884350720063,0
0.14868350588,-0.127451774217,1
-0.132505617775,0.90020858042,0
-0.801314577356,0.608528638446,0
-0.0267408992091,0.918884935476,0
-0.280272821528,1.00121643234,0
-0.308511402588,0.869222857974,0
1.25299785392,-0.605101474856,1
0.272092068911,0.956113972212,0
0.0833591684445,-0.0873867247704,1
0.712515421668,-0.486718966157,1
2.05285589504,0.521870196094,1
1.80642147664,-0.057671126785,1
0.230141494263,-0.134157862479,1
-0.95122462513,0.166922220587,0
0.045273377625,0.924841027362,0
1.45822739482,-0.379044483046,1
1.71951362478,-0.190905402657,1
-0.466435806382,0.806559222917,0
0.868247937358,-0.495241892687,1
0.00830165289061,0.492332521596,1
1.99359656357,0.481454942585,1
0.743632346456,-0.438006185207,1
0.0695265574938,0.153917707651,1
0.319958032731,0.901587459996,0
0.951434115222,-0.00760388446391,0
0.484901051064,-0.417699607043,1
0.266367771583,-0.0408946732511,1
2.05088417768,0.133058243607,1
1.6740165284,-0.152152808725,1
-0.824525171458,0.572530617254,0
-0.948560318197,0.435675998069,0
0.17835660743,-0.190966419213,1
0.423590680151,0.923086029667,0
-0.300749449791,0.836783640696,0
0.980055474589,-0.529650184548,1
1.89753024487,0.325277045529,1
0.278455111116,0.994215081714,0
0.854974375532,0.485685613704,0
0.705479590393,0.59018591185,0
-0.610400489188,0.775629001768,0
-0.735281550174,0.553524537081,0
1.92190599157,0.137266855877,1
1.9523476933,0.46328789416,1
0.941615122152,0.254316698987,0
1.33051497082,-0.526744007511,1
2.00123127097,0.336035795438,1
0.0876581234185,-0.0475049673275,1
-0.0966000778502,0.92516490525,0
-0.678825096671,0.820120783139,0
0.703039849045,-0.466669165799,1
0.196245705016,-0.0875030272212,1
-0.338617331451,0.913409457158,0
0.993485859045,0.40986315537,0
1.58904330983,-0.252900025642,1
-0.25905771155,0.989571408906,0
-0.779926228037,0.452530858801,0
-0.244337085503,0.993322458153,0
2.06631321295,0.442299246876,1
-0.409227480328,0.90513585394,0
0.284887063429,1.05981893664,0
0.39751440371,0.838040299581,0
0.411007923681,-0.325672672377,1
1.04134369578,-0.477977424952,1
0.0970305297503,0.21451242165,1
0.93240665082,0.490435319654,0
0.540708544344,-0.447072971896,1
0.451965391895,-0.323232467265,1
-0.95518526432,0.354259697626,0
-0.575748755038,0.666022631184,0
1.59974443581,-0.288707749443,1
-0.987303619954,0.20718521629,0
-0.460866498126,0.856520043091,0
0.879210457874,-0.481124321441,1
-0.994723354537,0.290118921219,0
0.428887179125,0.861713992371,0
0.963983137397,-0.434458884188,1
0.758764413832,0.622748425961,0
0.301230702363,-0.316541937012,1
0.424439522056,-0.335645305848,1
0.76416217501,0.785835020598,0
-0.904657283136,0.376356765116,0
-0.642050640983,0.866275522975,0
0.906075122998,-0.492402254503,1
0.0348647194139,0.156134787125,1
0.0156560842701,1.02452943306,0
-0.861646126672,0.559051752197,0
0.953912606286,0.379201642094,0
0.167667120318,1.02178334858,0
0.341049288487,-0.155373945562,1
-0.912316952731,0.235104458325,0
0.815986165496,0.322353646986,0
-0.318769212237,0.967822584142,0
-0.626174121757,0.727809866076,0
1.04169380241,0.286182041415,0
0.704586134832,-0.29660424269,1
-0.18632623013,0.932282253444,0
0.0467129096391,0.291262982788,1
0.785020619116,-0.454259794965,1
1.80316773819,-0.107605775449,1
-0.516573900758,0.930684543309,0
-0.829936509569,0.59536243655,0
1.8255957592,0.0375110933863,1
0.807859294144,-0.506089149662,1
0.122232278078,0.110509910554,1
-0.913685727917,0.327504755573,0
-0.133942095702,0.980598151033,0
-1.03927545494,0.0807208208465,0
-0.580644271519,0.847064535063,0
0.220268754375,0.981687511734,0
-0.595948613458,0.872243990846,0
0.911319926392,0.133025041573,0
0.805083248039,0.661907456235,0
0.312863979367,-0.222203979182,1
0.0206689082678,0.280626677671,1
0.483814133183,0.920121007851,0
0.794749998148,0.728681219052,0
0.169095535628,0.999337072247,0
0.32218755014,-0.222266364564,1
0.581687450464,0.82944192189,0
0.039507875412,0.378776488829,1
0.161001332779,-0.162606003289,1
0.0932622144963,0.172964629759,1
1.95275253737,0.0847002839397,1
0.94036166514,0.515691690684,0
0.930030522584,0.444232790702,0
0.905611214216,-0.525396871425,1
0.979056595686,0.25813360217,0
0.255414295128,-0.13300356237,1
1.68729883304,-0.163814512439,1
-0.797414165894,0.688729050391,0
0.0646084578312,0.23102516754,1
1.77334457379,-0.177119599874,1
-0.74799718747,0.58911412947,0
0.571024750449,0.760998032366,0
1.14711170765,-0.432834318992,1
0.297850232291,-0.279208783509,1
1.09740903319,-0.429108276461,1
-0.0546706372512,0.337080378687,1
0.0715319774022,1.02963606622,0
1.81051435971,-0.0635357408846,1
0.410565684619,-0.372491162683,1
0.856275899928,0.440215229926,0
0.280004398563,1.04567735685,0
-0.891991862099,0.378989083583,0
0.223211318731,-0.0874131387637,1
-0.81067100013,0.600641297308,0
1.6760212741,-0.212604765977,1
0.524433939864,-0.364477427645,1
0.737980440069,0.725167842552,0
0.867288958847,-0.408005202238,1
-1.02469381826,0.0925926067975,0
-0.0925878610236,1.03101598659,0
0.0263001128308,1.05715042725,0
0.63041169298,-0.393180737988,1
0.959560562941,-0.490464741889,1
0.920902511594,-0.469265905439,1
-1.01111475253,0.219511078279,0
1.82081733677,-0.201313059001,1
0.222565553181,-0.122334602612,1
0.716848484261,-0.454318021188,1
0.0255989931971,0.168458100202,1
-0.236270258434,1.00135540702,0
-0.9154908151,0.431393021059,0
-0.798257839103,0.544198580564,0
-0.985950740623,0.336150995828,0
1.77434969003,-0.0176095777212,1
1.83476171934,-0.050385630525,1
1.87371955244,-0.0950432903301,1
1.0804640114,-0.499899103785,1
1.7920612503,-0.13803819305,1
0.119566072069,0.0180965420547,1
1.88001801249,0.103714490213,1
-0.00991059698353,0.104613778877,1
-0.803053613684,0.559597380752,0
0.578035961124,-0.287892809897,1
1.67140266242,-0.255277538249,1
-0.652870801665,0.702315381824,0
0.310849787823,-0.208110798028,1
0.991015267336,0.178984897533,0
1.59172689349,-0.268974806325,1
0.683908978444,0.808450721984,0
0.788144831927,0.678253427863,0
-0.605959599541,0.806752422357,0
0.951175301802,0.0116213374404,0
0.86565855366,0.392732120607,0
0.0881056447239,0.952383696207,0
1.07891180236,-0.570608404814,1
1.67115089538,-0.348343140361,1
0.7460950384,-0.497389833248,1
-0.575278505299,0.827553605695,0
2.04223035247,0.497370921662,1
2.01908745031,0.377421005778,1
0.768602769003,0.503026764569,0
0.91106196605,-0.577038279358,1
0.494966725375,-0.449457778817,1
1.42461255376,-0.369728461838,1
1.55971543744,-0.220992174396,1
1.48015108897,-0.418436890235,1
1.94481420906,0.259406637639,1
0.823777048946,0.622856982914,0
0.462010055578,-0.333781158681,1
1.5475508249,-0.224417936762,1
0.125144563031,0.295380581133,1
1.96398268209,0.267767572254,1
0.227151636401,0.00428948122834,1
0.00156764292095,1.0651296266,0
0.892724148995,0.479855591102,0
0.907081237902,0.416401135239,0
-0.292881744651,0.864148571712,0
-0.0624619324597,0.97509176186,0
1.05982731728,0.0701794499487,0
-1.00664858481,0.145834806225,0
-0.0288718184814,0.206345315907,1
1.97346986853,0.275609089152,1
1.76939766502,-0.157180666283,1
0.517917984464,-0.339217182392,1
0.330012198326,0.998319576593,0
0.622240504872,0.680543161601,0
0.0579610063722,0.979550001697,0
1.45383459049,-0.368218327524,1
-0.854983862663,0.371230356641,0
0.757516396736,-0.479381301402,1
0.59781094182,0.753887938983,0
-0.602270748254,0.816939586356,0
0.21411461461,-0.250777143843,1
1.23407077376,-0.408367586391,1
0.0536534767664,0.34998517944,1
1.737245069,-0.1341618743,1
0.899666716141,0.570427552347,0
0.145237972638,-0.0869824377453,1
0.908731026879,0.343674458999,0
1.01865606567,0.205530610031,0
-0.556740960299,0.813943449979,0
0.933620157042,-0.442617477413,1
0.733548052091,-0.416771753936,1
-0.432050925498,0.98727877237,0
-0.493432085739,0.836888584276,0
0.988647450636,0.173542145004,0
0.261322603697,-0.180700924766,1
0.718817987963,0.659551511548,0
1.22154519359,-0.438301168695,1
0.255922057313,1.002835114,0
0.894910346912,0.469491009282,0
0.98709048153,-0.534515437171,1
1.15808030785,-0.431351212622,1
-0.545933838598,0.841528135539,0
0.197374667096,-0.0346424014023,1
0.050646360382,0.252759608359,1
1.0310013645,-0.520051977345,1
-0.154118009792,0.919170791218,0
0.962211691741,-0.457052788384,1
0.106492793449,1.02001535875,0
0.0434119039144,0.00916207327243,1
0.026934644528,0.200354004258,1
0.205298278829,-0.22137661917,1
1.59991930236,-0.325305718712,1
-0.864919816526,0.446299491368,0
0.857642739628,-0.52007991065,1
-0.411681497957,0.87135686511,0
1.24812618701,-0.520504435317,1
0.4928367152,-0.319914015938,1
0.11374466714,1.07690146461,0
-0.517316981648,0.853790990707,0
0.968179880611,0.0992902508719,0
1.07734201426,-0.511689078963,1
0.453055501388,-0.312211407699,1
1.00271368881,0.261510577146,0
1.81548788726,-0.059907254214,1
0.0548820815598,0.972541287466,0
0.510453402644,0.897428317384,0
1.95797298155,0.155193990305,1
-1.00369835106,0.393686881997,0
2.06027095161,0.33899006435,1
1.90854503292,0.294337267717,1
0.632539737485,-0.454707346723,1
0.94264885613,0.472077010274,0
1.03144822506,-0.403275796123,1
0.304919356614,-0.224328294539,1
0.0526621122389,0.974861358847,0
1.96226134535,0.363448753799,1
-0.390641647608,0.910629592333,0
0.231399083423,0.965892322555,0
0.10098390738,0.928609674802,0
0.902890207514,0.365183297278,0
0.0418807805786,0.252413088682,1
0.346246908063,0.861921284057,0
-0.726733903386,0.749648097431,0
0.991673602668,-0.479197357865,1
1.88346954439,0.0563433391593,1
-0.157959757796,1.09458215253,0
0.85129367847,0.456928604019,0
1.54191784806,-0.206943021209,1
-0.921246100444,0.304879567535,0
1.6318024437,-0.249689075571,1
0.820005947988,0.636674428605,0
-0.421576240657,0.865542862315,0
1.95477459282,0.0934492040895,1
1.62677029911,-0.243275880888,1
-0.312033751271,0.909752959483,0
1.97000694028,0.232220639717,1
-0.997864519534,0.281511239183,0
0.0664995632444,0.26452165801,1
0.792895545705,0.664373340264,0
1.88116381788,-0.0439035266301,1
-0.544141075647,0.729586924218,0
0.352947690127,-0.234347208429,1
1.93211218392,0.354217825127,1
0.769566143784,0.540282819683,0
-0.124291134925,0.963202956581,0
0.631953826424,0.891441508771,0
-0.739294107714,0.651286105853,0
-0.998347666188,0.299848110048,0
0.20317551468,0.991999574837,0
0.698719006633,-0.474166708297,1
1.95934068468,0.0594012273718,1
0.614727368333,0.753497715727,0
0.460783208104,0.935283261199,0
1.99161545295,0.180192790148,1
0.112135469587,0.964315346838,0
0.730678575536,0.699423834618,0
0.35060673532,-0.275874118317,1
-0.732354032809,0.586592933047,0
-0.827972476663,0.44341068289,0
0.653672573847,-0.38619521228,1
1.96286402174,0.0459779147281,1
0.915606780337,0.2921046095,0
2.01733986641,0.293141795759,1
0.480292239118,0.905608052923,0
-0.93577145543,0.0153537849604,0
1.05382147488,0.129505352502,0
-0.226640890482,1.04734996935,0
-0.255787192596,0.890020058323,0
0.188050971167,-0.129515655666,1
0.80459123511,0.61986910389,0
-0.0556545424842,0.326693334593,1
0.0920663606077,0.262813837845,1
1.38468684234,-0.431519449469,1
0.537840353953,0.903291879595,0
1.35438561308,-0.480557071963,1
-0.203580195795,0.988160676034,0
0.269765978158,1.03494094706,0
0.873669951573,0.432743119159,0
1.81105501841,-0.00414660427151,1
1.84539201642,-0.0698414632416,1
0.14307524515,0.144293846579,1
1.00409501923,0.0947880086609,0
-0.692028802541,0.699033113493,0
1.84046948824,0.0794857363207,1
0.171342400968,1.05275590312,0
2.00100619462,0.235240267415,1
-0.0361407344754,0.397575221591,1
-0.932402815883,0.480292437255,0
1.09585934884,-0.111251934924,0
-0.992362648099,0.24978701122,0
-0.435489211487,0.958719828866,0
0.0993848323176,-0.0387165560646,1
0.384746752408,-0.213851397024,1
1.76099952766,-0.258639792176,1
1.26930511395,-0.497619011892,1
1.24140143841,-0.447465130205,1
1.56327985526,-0.270978021203,1
-0.00666236339299,1.05795380102,0
1.1630909419,-0.475442544603,1
-0.000738659694201,0.923327061357,0
-0.221144458711,0.923852366572,0
0.108351679522,0.295849480591,1
0.135865672049,-0.0180409334974,1
0.73463639817,-0.505262253091,1
0.747712666895,-0.541573227845,1
-0.974182478039,0.0830083013489,0
0.391391677988,0.867571643814,0
0.415071114223,0.954561841635,0
0.99779555427,-0.493129596091,1
0.27722837123,-0.28043628985,1
1.44750710454,-0.399843657887,1
-0.705674738475,0.753068318792,0
-0.926869362013,0.0310506323551,0
-0.00805057228696,0.50258712126,1
0.445283953602,-0.325383587432,1
-0.913516970562,0.206308008014,0
1.09545470236,-0.533489147809,1
0.935659036165,0.502486290596,0
-1.00686956502,0.111518574483,0
0.87261653732,0.383268543656,0
1.47417914251,-0.409441241993,1
0.0193309183369,0.981620126767,0
0.958900479889,0.330621231482,0
0.927283750228,0.372324217449,0
1.05623811671,-0.0152610203199,0
-0.881910016996,0.489398828759,0
-0.675882032775,0.793218289381,0
1.50401602419,-0.380045958394,1
0.125438749954,0.226277772209,1
-0.450382214225,0.79609553376,0
-0.349719397357,0.922791514826,0
-0.108810607142,0.327771264484,1
-0.42110341855,1.00359337413,0
-0.523968334925,0.861908560143,0
1.11003983271,-0.529258509421,1
0.748199773082,-0.513400369929,1
0.438582571563,0.887264406529,0
-0.94714875634,0.359459276997,0
-0.0296861575496,0.209085050647,1
0.00536894164294,0.981528432145,0
0.32808960824,0.952564670568,0
0.303645081333,1.03452233299,0
1.01092761122,-0.435244467811,1
0.665122119803,-0.469350856905,1
0.683191256182,0.754667606072,0
-0.553389117161,0.883451951905,0
0.228906053296,-0.197801706091,1
0.830873816075,0.476051665055,0
1.91368570289,-0.0634140053981,1
0.311927387846,0.953050572046,0
2.02924406971,0.428209176971,1
1.81879501562,-0.143276619405,1
0.847586928981,0.526996020743,0
1.64141432914,-0.317129850695,1
0.0312299895404,0.0714068308945,1
0.240282825694,0.948799771833,0
-0.807770990055,0.494410206514,0
-0.886060096443,0.38436373404,0
1.85049175158,0.0558404613833,1
0.234028891051,-0.0528381908821,1
0.0487478930985,0.945624087643,0
-0.379408946997,0.842347405033,0
-0.0679380930778,0.23094788667,1
0.207174620841,0.959025242223,0
0.860826240339,0.601848839403,0
-0.199261842564,0.973330610007,0
0.171663408237,-0.0722148268802,1
-0.861182309686,0.474527354847,0
1.88826415369,-0.00245897334759,1
0.550198208748,-0.421425769005,1
0.644702869598,-0.476392651139,1
1.02338766566,0.169781433157,0
0.221028928618,1.0078556172,0
1.96629517046,0.512405847052,1
0.112467598946,1.00631098468,0
1.87625952517,0.179739241872,1
1.15717539776,-0.4248279452,1
0.862300938593,0.407279429585,0
-1.04527094053,0.113587459964,0
0.870549548876,-0.446501109314,1
1.85766098238,-0.0460567503784,1
0.0599952108794,0.123094185364,1
0.507371516029,-0.242791827075,1
1.13401044155,-0.562187589761,1
0.86486099977,0.548856686385,0
2.00093161656,0.449209391544,1
-0.872283122884,-0.0159963276291,0
2.00042854326,0.248170292725,1
-0.00942636919481,0.41669267911,1
-0.827924045611,0.589176661623,0
0.84331566439,0.48848989287,0
0.539943991165,-0.328134851674,1
-0.587138849347,0.733224060627,0
-1.00933226451,0.256951017826,0
-0.510776798221,0.786751626467,0
0.845361895359,0.498447991698,0
1.4160212648,-0.426794922756,1
1.32540913967,-0.516578668601,1
0.270962515998,-0.0330711794816,1
-0.094548428442,0.956275030446,0
1.40443382524,-0.40830814902,1
-0.471668434366,0.814505450715,0
1.01020315607,0.308731214958,0
1.93075480638,0.20991763374,1
0.70338253709,0.75716734632,0
0.324553896943,0.922970279298,0
0.270694319918,-0.136262763865,1
1.8643778091,0.154715470241,1
1.62307990934,-0.256583627752,1
1.89897971724,-0.0634646475962,1
0.885761505707,-0.528752455447,1
0.771927768139,0.61853172541,0
-0.735696518715,0.59673146895,0
1.51149765914,-0.354814881001,1
0.750057106661,0.749082969242,0
0.023898471375,0.23576759946,1
1.1501442505,-0.511124565823,1
-1.02389704991,0.202137127003,0
-0.125958071506,0.962982556389,0
0.714169953932,-0.510180633803,1
0.326353634583,-0.351178688193,1
0.453366636255,0.875885677614,0
0.82002492041,0.539670136815,0
-0.9612010517,0.484891403913,0
-0.0467420894793,0.39387971365,1
-0.485070866226,0.864674545905,0
1.70884721132,-0.215326056952,1
0.99605907169,-0.503316518313,1
0.503087118719,0.848968392732,0
1.82022530673,-0.0902683797203,1
0.758784752482,0.72557527098,0
1.5723820528,-0.376757502281,1
-0.766113965377,0.61117406005,0
-1.01140239952,0.218464331734,0
-0.177741597252,0.990186100417,0
0.386839134623,0.933540000652,0
0.162616453564,0.975118123919,0
-0.482868389251,0.938702158364,0
1.19010667135,-0.493756408537,1
-0.970981952082,0.174280707314,0
0.200863478993,-0.212971815999,1
-0.370119084526,0.973398871131,0
0.680219525301,0.63706765217,0
0.158833143712,0.937300814459,0
1.21855374479,-0.462637001476,1
0.781558969996,0.72574027193,0
0.0973068409555,0.980723049902,0
-0.0750974011601,0.357348975485,1
1.33741323819,-0.425189804866,1
-0.401970935412,0.866131708803,0
-0.571644274714,0.820512724113,0
0.585846184764,-0.400341804142,1
-0.171608833834,0.991149887972,0
1.68485864985,-0.355894511267,1
0.637466558143,0.756435076333,0
0.222469550818,0.0240503960447,1
1.37191924373,-0.456330298874,1
0.0196010657185,0.959583822082,0
-0.309382298109,0.915243686898,0
-0.706873788175,0.730583109854,0
0.24649530257,-0.236390534414,1
0.962055493696,0.307154031582,0
-0.334006995263,0.892947113617,0
1.69104565816,-0.210128252258,1
0.334413460415,0.850576074858,0
0.779512224689,-0.380263243164,1
0.278618803444,-0.223579506998,1
0.72175968377,0.708954695846,0
-0.85114174137,0.236950308361,0
-0.914950323334,0.265746304048,0
2.03935362327,0.414892465912,1
0.10872398672,-0.076690604738,1
0.473733472349,-0.296983750405,1
-0.11414043273,0.965172937177,0
0.990712237023,0.0799400149873,0
1.34989854806,-0.396049761983,1
0.904137312794,-0.378500491753,1
-0.836910088754,0.491958110306,0
0.197817404495,-0.0666037484593,1
0.0807944247652,0.492563051774,1
1.2562570416,-0.440405587963,1
1.88415816973,0.199640442134,1
1.51397913203,-0.34712037172,1
0.289856159594,0.841232470804,0
1.45769616483,-0.395368696188,1
1.76272937985,-0.123577294572,1
0.0499517890229,1.06735459364,0
0.0238423731145,0.469818578358,1
1.98256316208,0.235110234695,1
0.14259896107,0.965261032918,0
0.877655564662,-0.37764081864,1
0.842635434671,0.395871202188,0
0.348478508468,0.986274333546,0
1.59244467392,-0.313574694049,1
0.90575126239,0.229094768896,0
1.12074894895,-0.447358544886,1
1.51986070217,-0.220558599816,1
0.0990097724262,0.157766585716,1
-0.0876537867858,0.978577032382,0
0.426789367099,-0.32738828769,1
-0.364748658948,0.900673832127,0
0.536080635689,-0.398529733723,1
-0.037590919818,0.471727690391,1
0.333734937382,0.846273485025,0
-0.0212025674991,0.454156263596,1
1.70639781605,-0.313349003654,1
1.94679901913,0.450179206536,1
0.190472263148,-0.148941844643,1
1.03942684707,0.157238469695,0
0.742885685004,0.670801780413,0
0.431859773524,0.909714520361,0
0.30927304848,-0.170449142073,1
1.79404713948,-0.186056169176,1
-0.919004073155,0.045078038389,0
0.472502032964,0.829118854494,0
0.742013147192,0.548221840373,0
1.22923195321,-0.535319536744,1
0.565879826837,-0.292611500282,1
0.774199063407,0.567793361175,0
-0.378397750874,0.927803073336,0
1.94602380752,0.380129295702,1
-0.6967191951,0.681943674957,0
-0.0366635973982,0.231767290088,1
0.937381383486,0.372291917486,0
0.19373614976,-0.0857207315822,1
1.97252742698,0.304837270222,1
0.318560182643,-0.23091832391,1
1.40296673712,-0.428255064876,1
0.00809599613705,0.907312895964,0
0.990772440758,0.221605452967,0
0.585068876825,-0.371423463928,1
1.01318756852,0.164870480188,0
1.96056242538,0.480048210173,1
-0.542738039486,0.772393888624,0
1.8078054289,0.0524056391794,1
0.319386451627,-0.330257659956,1
-0.899147639063,0.169354827726,0
-0.503691031828,0.77533365142,0
0.817420385221,-0.509088701863,1
0.810838520773,0.638404750947,0
0.845715951324,0.424523953158,0
1.72101384001,-0.0785817586563,1
0.944585355643,0.387074883205,0
1.36224801269,-0.397154829749,1
0.0818214444248,0.979853882098,0
0.35519214995,0.969353717475,0
-0.0696414019812,0.342252940441,1
-0.0278019003036,1.02337295223,0
0.383939604589,-0.341798716501,1
0.230157889544,-0.232659096587,1
0.573621717492,-0.420634350514,1
1.97357081684,0.071767752549,1
-0.306348450509,0.805169420545,0
0.938329169666,-0.460549589746,1
0.0382800545331,0.374418051575,1
0.460284487705,-0.319990658712,1
0.0284320071356,0.915421599378,0
-0.966971193443,0.309666892346,0
-0.865629431908,0.710998907496,0
0.735738722568,0.663455912552,0
0.473243701879,0.925314013731,0
0.498330238523,0.8868547026,0
-0.500225870796,0.842334292026,0
0.935241641337,0.261726515401,0
0.913645908859,0.280585734731,0
1.85459842594,-0.104629410773,1
-0.0350009958497,0.552616697032,1
1.32044854558,-0.406629648974,1
0.0597373258831,0.372136251702,1
1.45779280306,-0.31364367467,1
0.0946436063765,0.0642892212481,1
1.98052492634,0.257284984398,1
0.0721306529521,0.154033928969,1
0.354587155186,1.01890299187,0
0.881595514127,0.46485735911,0
-0.97540533754,0.455440429703,0
0.127470266286,-0.0466298996588,1
1.4366573938,-0.408707479217,1
0.0212214663112,0.34370321225,1
2.02932932362,0.484011762058,1
0.536774328094,0.846601823518,0
-0.39602081305,0.906044508207,0
-0.309731978063,1.10650210563,0
0.0302548593417,0.167878405518,1
0.164605253543,-0.0990367349443,1
0.0906433137033,0.0395592188121,1
1.99057702978,0.246544194946,1
0.301262275249,-0.240396013092,1
1.9536788589,0.0303694479114,1
-0.518658751964,0.844985696556,0
0.688661873111,-0.539978648679,1
1.99018842728,0.286932070035,1
0.952127656065,0.470480791324,0
0.0696030721598,0.250113586431,1
1.62787712119,-0.278647490824,1
1.479579477,-0.41096780985,1
0.5631987622,0.859138008599,0
-0.0417445688632,0.55146127836,1
0.458674718364,0.957900874544,0
0.988095712213,0.0143207921887,0
-1.03885882984,0.132178943365,0
1.7947668083,-0.161077300803,1
0.147993311906,0.0232276089616,1
1.92796953162,0.121696369769,1
-0.816487225571,0.472967269495,0
0.751851851768,-0.406354858864,1
-0.688149514989,0.699701036936,0
-0.239700444951,0.909514944933,0
0.585993915976,0.858494804084,0
-0.255135697029,0.958726835514,0
0.071474078151,0.0975968748755,1
0.987288754867,-0.545137097209,1
0.25208023996,-0.146372743025,1
-0.443416390879,0.862446857515,0
-0.20524539701,1.01222008272,0
0.589867093828,0.878355463175,0
1.9105538191,0.361090079391,1
0.660900588836,-0.455217466357,1
0.868775578186,-0.455062719834,1
-0.284673355101,0.937800476877,0
0.0408149366892,0.459297260245,1
1.83266787623,-0.0181441817104,1
0.36344633672,0.962043131775,0
0.321350539052,0.967031768795,0
0.780846434373,0.609504202442,0
0.090517353971,0.206400458348,1
0.0543222211078,0.455900806767,1
1.47671554264,-0.357933669126,1
0.645961724583,0.784796050566,0
0.0460675906522,0.270933517932,1
0.0932720360638,0.0471977763513,1
-0.0964918140138,0.502890712518,1
0.504091770415,-0.335171638573,1
1.9727793146,0.371329389502,1
1.08887621872,-0.605715608754,1
0.696924948985,0.689713521227,0
0.150234639833,0.147006938651,1
0.649473945456,0.831405208382,0
2.03874593418,0.352687941894,1
-0.790123810524,0.763707210114,0
1.21071075645,-0.468681201731,1
0.233813444548,-0.157732637032,1
-0.792144941728,0.617031255481,0
1.38563511952,-0.451520795144,1
0.687148138158,0.760019460071,0
0.865277353831,0.443150293712,0
-0.671005838744,0.732706372632,0
0.823159334531,-0.538860848345,1
0.60797672448,0.870078069184,0
0.125259247977,0.107687499693,1
-1.02326362439,0.166560392521,0
0.216533411435,1.00455768571,0
1.90102741713,0.0795986922716,1
1.1680515384,-0.476370257157,1
-0.931168531935,0.0209438595397,0
1.06102895154,0.164978395555,0
1.59618044537,-0.37460885503,1
0.927210178521,0.16329978403,0
1.01996633999,-0.568392195541,1
1.06337989246,-0.543348706274,1
0.127389237811,0.0421023759884,1
0.941476415039,-0.476586804865,1
-0.666368276445,0.704970611984,0
-0.61970224493,0.851556310481,0
0.360951768924,-0.26712952503,1
2.06618361276,0.415312009889,1
-0.118872893061,1.02621129415,0
-1.00423546011,0.193470894528,0
0.0346391466079,0.438258518833,1
1.60297066283,-0.309728366266,1
0.918823036621,-0.488242828808,1
0.741394152279,0.714086959644,0
-0.321623118656,0.886336469226,0
0.662016811776,0.82716520678,0
1.47203495434,-0.321199992811,1
0.0759380255039,0.137080257591,1
0.981051456057,0.158675996734,0
1.8900934263,0.0411246967966,1
-0.48003966556,0.866178230383,0
0.614592568029,-0.445651631364,1
0.391636006529,-0.284306511117,1
0.0335803980018,1.03724658902,0
1.5073274034,-0.430701037795,1
0.122686629042,0.0135743314227,1
0.0911965779412,0.0526831440604,1
0.598512939723,0.77549135129,0
0.800824218721,0.541078012922,0
1.31436585107,-0.442228709744,1
1.00004487141,0.340270518597,0
0.159433441234,0.105095673984,1
0.533547575683,-0.402979041522,1
0.509280187419,-0.397039291925,1
1.29343074025,-0.458706610857,1
-0.725006622869,0.668762240729,0
1.51258115799,-0.3274378958,1
0.954786354469,0.240445694956,0
1.30583804694,-0.456341752409,1
-0.375286575389,0.929948336265,0
-0.00415634656565,0.306238224329,1
2.01402402492,0.290057464934,1
-0.679997314777,0.701111382064,0
1.89182082089,-0.00906991975841,1
-0.0208365808056,0.935127149119,0
0.297401008111,0.848818907769,0
-0.827686422736,0.397188399355,0
-0.177137514127,1.03984519767,0
0.0943734286801,0.0366218601237,1
-0.0604882088952,1.06618555711,0
0.920763567211,-0.536853226351,1
1.85482208882,0.149390372937,1
1.639372904,-0.306944916496,1
2.08721855834,0.45157648141,1
-0.977014457096,0.170843377944,0
0.328226215643,-0.301616125398,1
0.0434186012637,0.0759028586217,1
1.65634504438,-0.254076964724,1
0.913831208392,-0.553600691269,1
-0.678479266566,0.662355148581,0
0.913211779226,-0.511183092826,1
0.253371374263,0.909166287875,0
-0.945336753284,0.495435160822,0
1.02840795388,-0.462679175753,1
0.584722637156,-0.424925401992,1
0.976149373119,0.148816247994,0
0.932530631618,-0.451037002237,1
1.88027283004,-0.0252982044424,1
1.29115047061,-0.447325934668,1
2.01408602504,0.160004907728,1
0.364978088931,0.973918870764,0
1.46134672442,-0.307881525462,1
0.951584155487,0.0327947636896,0
1.67700784463,-0.19509551201,1
-0.139897887976,0.966197505787,0
0.790936774778,-0.470711364281,1
0.734425085284,0.744191669794,0
0.028028291096,0.248350074567,1
0.908015472758,0.345961400249,0
0.288718927923,0.991531413737,0
1.51040591437,-0.376554893553,1
-0.861196171757,0.409632819045,0
-0.0214454180967,0.942580385381,0
0.0223391785186,0.207298765431,1
-0.946330335472,0.0212605679226,0
1.94807408709,0.254980809129,1
1.27365541278,-0.493408400597,1
1.88094515792,-0.0388450969294,1
0.0617647673241,0.945608348969,0
-0.269211996996,0.890125286005,0
0.289180583402,0.979358958687,0
1.32532402561,-0.461187304069,1
-0.0344591578109,0.383388554563,1
-0.640990321201,0.75646999578,0
1.07447417853,-0.47931270756,1
0.594102202425,-0.424425381265,1
-0.904401631757,0.288843647947,0
0.428826221741,0.896020903182,0
0.574599338207,-0.437812556633,1
0.502279475407,0.823060863088,0
-0.0430717601895,0.985014212983,0
-0.79271643161,0.606718699512,0
0.864402175961,-0.49543678299,1
0.126315519743,-0.0565002553717,1
1.41312164882,-0.479937492094,1
0.0483136169307,0.202812999448,1
0.143924141961,-0.0122463912709,1
0.0356184719464,0.136327019298,1
-1.01065227149,0.281485848626,0
-0.0348636929951,1.03244750462,0
1.97893556026,0.462939369715,1
1.49832381948,-0.34530869405,1
-0.0367353790238,0.400117191313,1
0.309776839799,-0.149751536982,1
0.0490754039538,0.209318037799,1
1.959850342,0.167814393736,1
1.6379888349,-0.365296422248,1
